team_name,attack,defence
Afghanistan,0.116511,-0.112315
Albania,0.007434,-0.101101
Algeria,0.542187,0.376319
American Samoa,-0.091704,-0.132723
Andorra,-0.251881,0.027984
Angola,-0.067218,-0.301593
Anguilla,-0.047670,-0.303033
Antigua and Barbuda,-0.094662,-0.194373
Argentina,0.036588,0.017474
Armenia,-0.298035,-0.225947
Aruba,-0.169348,0.013599
Australia,-0.022312,0.060113
Austria,0.119466,0.080839
Azerbaijan,-0.096397,-0.322639
Bahamas,-0.335409,-0.091016
Bahrain,0.090952,-0.054800
Bangladesh,0.016633,0.132528
Barbados,0.024383,-0.185589
Belarus,0.053659,0.003628
Belgium,-0.015146,0.234188
Belize,-0.147822,-0.259447
Benin,-0.150600,0.387626
Bermuda,-0.342218,-0.221123
Bhutan,0.022520,-0.201342
Bolivia,0.011726,0.040377
Bonaire,0.138183,-0.033724
Bosnia and Herzegovina,0.334281,0.154302
Botswana,-0.472591,-0.113650
Brazil,0.077753,-0.127594
British Virgin Islands,0.077727,0.035484
Brunei,-0.083105,-0.165835
Bulgaria,-0.174914,-0.161074
Burkina Faso,0.024821,0.165126
Burundi,-0.092996,0.041235
Cambodia,-0.169837,0.185762
Cameroon,-0.064638,0.187394
Canada,0.079194,-0.084467
Cape Verde,0.197465,0.181298
Cayman Islands,0.160015,0.048526
Central African Republic,0.082856,-0.244332
Chad,-0.051870,-0.044964
Chile,-0.033030,-0.006284
China,-0.108358,0.056537
Colombia,-0.158752,-0.015923
Comoros,-0.156477,-0.306984
Congo,-0.000826,-0.153662
Cook Islands,0.195823,0.021071
Costa Rica,-0.291460,-0.041665
Croatia,0.271128,-0.076424
Cuba,0.011038,0.077666
Curaçao,-0.011236,0.066125
Cyprus,-0.334798,0.008569
Czech Republic,0.413826,0.215578
DR Congo,0.474662,0.116455
Denmark,-0.049291,0.147622
Djibouti,-0.267835,-0.223266
Dominica,0.071493,-0.124325
Dominican Republic,0.046500,-0.201756
Ecuador,-0.201334,0.010198
Egypt,0.058656,0.208525
El Salvador,-0.497470,0.126760
England,0.365971,0.156677
Equatorial Guinea,-0.412840,-0.030307
Eritrea,-0.027950,-0.024184
Estonia,0.156472,-0.098507
Eswatini,0.043705,0.064035
Ethiopia,-0.295541,-0.177119
Faroe Islands,-0.052440,0.223237
Fiji,0.042023,-0.284073
Finland,0.177616,0.112849
France,0.336652,0.066169
French Guiana,-0.029098,-0.202756
Gabon,-0.167982,-0.118096
Gambia,0.050354,-0.074922
Georgia,-0.196094,-0.105933
Germany,0.183087,0.406951
Ghana,0.019032,0.258510
Gibraltar,0.023511,-0.105858
Greece,-0.161059,0.036288
Greenland,-0.073959,0.049218
Grenada,-0.090718,0.151415
Guadeloupe,0.069452,0.005948
Guam,-0.255111,-0.185415
Guatemala,-0.447132,0.080858
Guernsey,0.131056,-0.161601
Guinea,-0.055753,-0.099152
Guinea-Bissau,-0.078199,-0.028038
Guyana,0.124056,0.017023
Haiti,0.156660,-0.108958
Honduras,-0.423314,-0.127039
Hong Kong,-0.154618,0.021616
Hungary,-0.106874,-0.245455
Iceland,-0.149217,-0.079310
India,0.109019,0.104206
Indonesia,0.066357,-0.058333
Iran,-0.170316,0.088424
Iraq,-0.304348,0.357466
Israel,0.155782,-0.031104
Italy,-0.001157,0.077536
Ivory Coast,0.146342,0.208925
Jamaica,0.201362,0.204857
Japan,0.328873,0.224256
Jordan,0.105902,0.027943
Kazakhstan,0.149146,0.260528
Kenya,-0.245629,-0.139665
Kiribati,-0.118336,-0.144933
Kosovo,0.031883,-0.176846
Kuwait,-0.210325,0.177100
Kyrgyzstan,-0.145185,-0.087604
Laos,-0.367489,-0.236557
Latvia,0.042181,-0.178611
Lebanon,-0.328357,-0.129746
Lesotho,0.011721,-0.073311
Liberia,0.083828,0.081190
Libya,-0.156864,0.293804
Liechtenstein,-0.349373,-0.033746
Lithuania,-0.340510,-0.202923
Luxembourg,-0.268865,-0.011098
Macau,-0.129629,-0.093821
Madagascar,-0.138102,0.135094
Malawi,-0.121655,-0.131965
Malaysia,0.035638,-0.095984
Maldives,-0.317991,-0.030539
Mali,-0.048334,0.141524
Malta,0.133761,0.231563
Marshall Islands,-0.293408,-0.025739
Martinique,-0.717908,0.040416
Mauritania,-0.434251,-0.316160
Mauritius,0.085243,-0.194016
Mayotte,0.013361,-0.173799
Mexico,-0.277177,-0.049997
Micronesia,0.055386,-0.043890
Moldova,0.252772,-0.234402
Mongolia,0.132917,0.172826
Montenegro,-0.301168,-0.011370
Montserrat,0.049211,-0.058477
Morocco,0.196985,0.237087
Mozambique,0.104685,-0.167540
Myanmar,-0.285266,-0.197350
Namibia,0.163125,-0.088318
Nepal,-0.283775,-0.079966
Netherlands,0.330544,-0.195925
New Caledonia,-0.246848,-0.203852
New Zealand,-0.076704,0.178169
Nicaragua,0.200309,-0.027412
Niger,-0.204405,-0.006492
Nigeria,-0.169290,-0.223770
North Korea,0.016941,0.181412
North Macedonia,-0.407964,-0.198265
Northern Ireland,-0.194451,-0.088001
Northern Mariana Islands,-0.108995,-0.156616
Norway,0.356968,0.277021
Oman,-0.297851,0.197206
Pakistan,-0.154456,-0.067023
Palestine,-0.340511,0.140024
Panama,-0.188433,-0.062405
Papua New Guinea,0.078081,0.061590
Paraguay,0.050847,0.188354
Peru,-0.315100,-0.058937
Philippines,-0.031000,-0.136951
Poland,-0.392120,-0.365935
Portugal,0.033376,0.009842
Puerto Rico,0.054847,-0.030984
Qatar,-0.057908,0.152668
Republic of Ireland,-0.038978,0.001983
Romania,-0.099050,0.047514
Russia,-0.398868,-0.001247
Rwanda,-0.201136,-0.236967
Réunion,-0.081857,-0.294445
Saint Kitts and Nevis,-0.305439,-0.059046
Saint Lucia,-0.146219,-0.295116
Saint Martin,0.151373,0.279616
Saint Pierre and Miquelon,-0.211745,-0.045929
Saint Vincent and the Grenadines,0.032004,0.048465
Samoa,-0.045966,-0.121310
San Marino,-0.484416,-0.574297
Saudi Arabia,0.133953,-0.110684
Scotland,-0.001996,0.301838
Senegal,0.203502,0.188804
Serbia,-0.118951,-0.305044
Seychelles,-0.152789,-0.435535
Sierra Leone,-0.043075,0.097888
Singapore,0.005600,0.017579
Sint Maarten,-0.029312,0.123737
Slovakia,-0.233941,-0.115850
Slovenia,-0.454345,-0.045145
Solomon Islands,-0.384324,-0.266803
Somalia,-0.185732,-0.123227
South Africa,-0.122796,0.010326
South Korea,0.065463,-0.026756
South Sudan,-0.117262,-0.178840
Spain,0.131073,0.062777
Sri Lanka,-0.328530,-0.208238
Sudan,-0.357798,-0.032838
Suriname,0.051618,0.186801
Sweden,0.189816,-0.048044
Switzerland,0.180166,0.098385
Syria,0.277347,0.171070
São Tomé and Príncipe,-0.057138,-0.299822
Tahiti,0.198371,0.197414
Taiwan,-0.158829,0.033565
Tajikistan,0.224367,0.180558
Tanzania,-0.214981,-0.173721
Thailand,0.143053,0.425912
Timor-Leste,0.082940,-0.133762
Togo,-0.125492,-0.089175
Tonga,-0.173943,-0.002102
Trinidad and Tobago,-0.172086,0.176014
Tunisia,0.254766,0.066443
Turkey,0.334349,0.191763
Turkmenistan,-0.417613,-0.054430
Turks and Caicos Islands,-0.257678,-0.318728
Tuvalu,0.008195,-0.141368
Uganda,-0.150112,-0.204775
Ukraine,-0.269413,0.086651
United Arab Emirates,-0.162830,-0.224711
United States,0.010781,0.035461
United States Virgin Islands,-0.163716,0.044294
Uruguay,0.145191,0.187478
Uzbekistan,-0.028577,0.316997
Vanuatu,-0.088655,0.014956
Venezuela,-0.106154,-0.271621
Vietnam,0.101631,0.086147
Wales,-0.034890,-0.431940
Yemen,0.272046,0.162136
Zambia,-0.145046,-0.247971
Zimbabwe,0.035672,-0.330797
Åland Islands,-0.129267,-0.088944
