sequence,distribution,dimension,n,backend,order,input_sha256,input_generation_seconds,first_call_seconds,samples_seconds,median_seconds,q25_seconds,q75_seconds
sobol,normal,2,128,cpu,0,ba02110def833f457b3a8777ae6d50a361ddb2e61fac2908a27aaf982f6c9024,2.358514752999781,0.24273521900022388,"[0.00012003899973933585, 0.00012950899963470874, 9.577899982105009e-05, 0.0003844489997391065, 0.00021833900018464192, 0.00012255699994057068, 0.00010811199990712339]",0.00012255699994057068,0.00011407549982322962,0.00017392399990967533
sobol,normal,2,128,gpu,1,ba02110def833f457b3a8777ae6d50a361ddb2e61fac2908a27aaf982f6c9024,2.358514752999781,0.5551703500000258,"[0.0006013189999976021, 0.0005962780001027568, 0.0006016320003254805, 0.0005797849998998572, 0.0007350539999606553, 0.0006324659998426796, 0.0005697910000890261]",0.0006013189999976021,0.000588031500001307,0.00061704900008408
sobol,normal,2,256,gpu,0,abcdcfddae54634377017e4cd9590d33d5d451cb39f408c3453e0833fc46bc62,0.9367804009998508,0.4780146420002893,"[0.0005623050001304364, 0.0005412329996943299, 0.0005287960002533509, 0.000534987000264664, 0.0005304100000103062, 0.000562279999940074, 0.0005321929997990082]",0.000534987000264664,0.0005313014999046572,0.000551756499817202
sobol,normal,2,256,cpu,1,abcdcfddae54634377017e4cd9590d33d5d451cb39f408c3453e0833fc46bc62,0.9367804009998508,0.21899458799998683,"[0.00019293700006528525, 0.00016963899997790577, 0.00015690600002926658, 0.00015652399997634348, 0.00015953900037857238, 0.00014838100014458178, 0.0001583349999236816]",0.0001583349999236816,0.00015671500000280503,0.00016458900017823908
sobol,normal,2,512,cpu,0,2e076ca292e495972119f2d9b1bbb477678250a20caf80aa2f6d4f8e8e5cc12d,0.9612745950003045,0.22674591800023336,"[0.00030706999996255036, 0.00030121800000415533, 0.0002913819998866529, 0.00027626099972621887, 0.0002772549996734597, 0.00029487600022548577, 0.0002886110000872577]",0.0002913819998866529,0.0002829329998803587,0.00029804700011482055
sobol,normal,2,512,gpu,1,2e076ca292e495972119f2d9b1bbb477678250a20caf80aa2f6d4f8e8e5cc12d,0.9612745950003045,0.5439711889998762,"[0.0006111689999670489, 0.0006479109997599153, 0.0006544959996972466, 0.0006354459997055528, 0.0006834220002929214, 0.0006491730000561802, 0.0006412060001821374]",0.0006479109997599153,0.0006383259999438451,0.0006518344998767134
sobol,normal,2,2048,gpu,0,567a13886a50fbd70bf894c5d16388e5098e875a41edcb79b65917b8fc48c2ad,0.9913933130001169,0.7158989249996921,"[0.0007106029997885344, 0.0006792139997742197, 0.0006769880001229467, 0.0006357709999065264, 0.0006490109999504057, 0.0006434659999285941, 0.0006451509998441907]",0.0006490109999504057,0.0006443084998863924,0.0006781009999485832
sobol,normal,2,2048,cpu,1,567a13886a50fbd70bf894c5d16388e5098e875a41edcb79b65917b8fc48c2ad,0.9913933130001169,0.29246196300027805,"[0.001806088000193995, 0.0016563089998271607, 0.001728599999751168, 0.0016484399998262234, 0.0016171150000445778, 0.0016576719999648049, 0.0016223779998654209]",0.0016563089998271607,0.0016354089998458221,0.0016931359998579865
sobol,normal,2,8192,cpu,0,21eebed97d70822de6791e97a9d67092cbe307b73b1ced2d4a874f7daab3347e,1.1024250000000393,0.2660781260001386,"[0.004979166999873996, 0.006294715999956679, 0.004823726999802602, 0.0050691810001808335, 0.005032014999869716, 0.0049005809996742755, 0.005164530000001832]",0.005032014999869716,0.004939873999774136,0.005116855500091333
sobol,normal,2,8192,gpu,1,21eebed97d70822de6791e97a9d67092cbe307b73b1ced2d4a874f7daab3347e,1.1024250000000393,0.7891647159999593,"[0.0006822410000495438, 0.0006871929999761051, 0.0006596639996132581, 0.0006713650000165217, 0.0006846149999546469, 0.0006945200002519414, 0.0006907609999871056]",0.0006846149999546469,0.0006768030000330327,0.0006889769999816053
sobol,normal,2,32768,gpu,0,e94e96e9f6670eea1ef1d979f6542f109074a2ee66a05392eaee348d7f6d7070,1.200830533000044,0.8705899299998237,"[0.0007847189999665716, 0.0008170199998858152, 0.0008147349999489961, 0.0007850400002098468, 0.000791147999734676, 0.0008006709999790473, 0.0007951460002004751]",0.0007951460002004751,0.0007880939999722614,0.0008077029999640217
sobol,normal,2,32768,cpu,1,e94e96e9f6670eea1ef1d979f6542f109074a2ee66a05392eaee348d7f6d7070,1.200830533000044,0.2731699299997672,"[0.018104423999830033, 0.018307786000150372, 0.018574288999843702, 0.018468213999767613, 0.018577618000108487, 0.0182760360003158, 0.01815886300028069]",0.018307786000150372,0.018217449500298244,0.018521251499805658
sobol,normal,2,131072,cpu,0,76aae2caa09880896d33905a5009d82b05bf43c1894520c55285ef6027176c3a,1.2398379630003546,0.3415386390001913,"[0.08642344600002616, 0.08633887499991033, 0.08798062100004245, 0.0861700989999008, 0.08951608600000327, 0.08501834699973188, 0.08748906199980411]",0.08642344600002616,0.08625448699990557,0.08773484149992328
sobol,normal,2,131072,gpu,1,76aae2caa09880896d33905a5009d82b05bf43c1894520c55285ef6027176c3a,1.2398379630003546,0.4658349370001815,"[0.0010791529998641636, 0.0011017029996764904, 0.0010886619998018432, 0.0010875329999180394, 0.0010882309998123674, 0.0010866180000448367, 0.00109927899984541]",0.0010882309998123674,0.001087075499981438,0.0010939704998236266
sobol,normal,5,128,gpu,0,59ca693689048a88fc3fbe4375f15c596c09c8e0f74b50802a2a8f74dc19e121,1.8124258619995999,0.47366621299988765,"[0.0003418460000830237, 0.0003339750001032371, 0.00032061999991128687, 0.0003377450002517435, 0.00031762100024934625, 0.00031470600015381933, 0.0003511790000629844]",0.0003339750001032371,0.00031912050008031656,0.0003397955001673836
sobol,normal,5,128,cpu,1,59ca693689048a88fc3fbe4375f15c596c09c8e0f74b50802a2a8f74dc19e121,1.8124258619995999,0.23935482799970487,"[0.00011866800014104228, 0.00010983899983330048, 9.559399995850981e-05, 9.645799991631065e-05, 8.759199999985867e-05, 8.559800016882946e-05, 8.396300017921021e-05]",9.559399995850981e-05,8.659500008434406e-05,0.00010314849987480557
sobol,normal,5,256,cpu,0,6c44da5d3ec59cb7154e519b351da4f8b42b01babb17a684697103c347c7cfeb,0.984009412999967,0.21365220300003784,"[0.00020101200016142684, 0.00016986899981930037, 0.00018684699989535147, 0.0001577849998284364, 0.0001787330002116505, 0.00016608900023129536, 0.00018410899974696804]",0.0001787330002116505,0.00016797900002529786,0.00018547799982115976
sobol,normal,5,256,gpu,1,6c44da5d3ec59cb7154e519b351da4f8b42b01babb17a684697103c347c7cfeb,0.984009412999967,0.5622238070000094,"[0.0003432680000514665, 0.0003698650002661452, 0.0003615570003603352, 0.00033566899992365506, 0.0003366890000506828, 0.00034936899965032353, 0.000327087999721698]",0.0003432680000514665,0.00033617899998716894,0.0003554630000053294
sobol,normal,5,512,gpu,0,5591402db19305b326128ec88b7ad531b6758a9ebf5e51067eb0c24fd116e8f7,1.04138466600034,0.5587944469998547,"[0.00032623199967929395, 0.0003574970000954636, 0.00033870400011437596, 0.0003215750002709683, 0.0003017700000782497, 0.0003100210001321102, 0.0002885129997594049]",0.0003215750002709683,0.00030589550010517996,0.00033246799989683495
sobol,normal,5,512,cpu,1,5591402db19305b326128ec88b7ad531b6758a9ebf5e51067eb0c24fd116e8f7,1.04138466600034,0.21798182800012,"[0.0002759459998742386, 0.00027583499968386604, 0.0002756720000434143, 0.00028633000010813703, 0.00027957700012848363, 0.00026202200024272315, 0.00026264699999956065]",0.00027583499968386604,0.0002691595000214875,0.00027776150000136113
sobol,normal,5,2048,cpu,0,683021f3bc7c62ee26f6d32002e9a9dc94bfbdb8ca7b25ec368acff5b0d3ddcb,1.0220249099998,0.21338402599985784,"[0.0009204059997500735, 0.000923677000173484, 0.0008797279997452279, 0.0008886310001798847, 0.0008958299999903829, 0.0009545550001348602, 0.0008830340002532466]",0.0008958299999903829,0.0008858325002165657,0.0009220414999617788
sobol,normal,5,2048,gpu,1,683021f3bc7c62ee26f6d32002e9a9dc94bfbdb8ca7b25ec368acff5b0d3ddcb,1.0220249099998,0.723941024999931,"[0.00038483100024677697, 0.0004055480003444245, 0.00038399900040531065, 0.000393995000194991, 0.00037679299975934555, 0.00038429100004577776, 0.0003730509997694753]",0.00038429100004577776,0.0003803960000823281,0.000389413000220884
sobol,normal,5,8192,gpu,0,ad69739a60fd2519ff40bcf4bbb7f720bc69b13a8766f1b12de391f7ad5142a2,1.137431115000254,0.7218300290001025,"[0.00046845799988659564, 0.0005075029998806713, 0.0004776509999828704, 0.0004820979997930408, 0.00048271800005750265, 0.00047575300004609744, 0.0005354489999263023]",0.0004820979997930408,0.00047670200001448393,0.000495110499969087
sobol,normal,5,8192,cpu,1,ad69739a60fd2519ff40bcf4bbb7f720bc69b13a8766f1b12de391f7ad5142a2,1.137431115000254,0.2587294929999189,"[0.003220574999886594, 0.0032568030001129955, 0.0033511849997012177, 0.003345807000187051, 0.0031538670000372804, 0.0032932300000538817, 0.0031610559999535326]",0.0032568030001129955,0.0031908154999200633,0.0033195185001204663
sobol,normal,5,32768,cpu,0,30a2dc8d8da3c7651b57c9db7de41a211bf4f045f4de2334031720604d37340b,1.1829389230001652,0.25752212999987023,"[0.012856678999924043, 0.013740889000018797, 0.012836850999974558, 0.013234370999725797, 0.012842563000049267, 0.012738486000216653, 0.01297462299999097]",0.012856678999924043,0.012839707000011913,0.013104496999858384
sobol,normal,5,32768,gpu,1,30a2dc8d8da3c7651b57c9db7de41a211bf4f045f4de2334031720604d37340b,1.1829389230001652,0.7481827050000902,"[0.0005321700000422425, 0.0006204360001902387, 0.0007133029998840357, 0.0006174820000524051, 0.0006047900001249218, 0.0005906069995944563, 0.0005963270000393095]",0.0006047900001249218,0.0005934669998168829,0.0006189590001213219
sobol,normal,5,131072,gpu,0,cd40b4af252f7325a7c0be66c1c521667704725e587af7e94925afc32b279a86,1.19672909000019,0.4626303800000642,"[0.0006913269999131444, 0.0007092289997672196, 0.0007062559998303186, 0.0007257729998855211, 0.0006922070001564862, 0.0007320370000343246, 0.0007360820000030799]",0.0007092289997672196,0.0006992314999934024,0.0007289049999599229
sobol,normal,5,131072,cpu,1,cd40b4af252f7325a7c0be66c1c521667704725e587af7e94925afc32b279a86,1.19672909000019,0.3009160490000795,"[0.06185085400011303, 0.062366479999582225, 0.062429129000065586, 0.0608990470000208, 0.06149035999987973, 0.060290989999884914, 0.05991506700001992]",0.06149035999987973,0.06059501849995286,0.06210866699984763
sobol,normal,10,128,cpu,0,d7f098b845b573e134d1f80d88f1c09bd96c9c8ec7da56b6322504dd3c45d25f,2.0174745840004107,0.2590138239997941,"[0.00012811399983547744, 0.000144936000197049, 0.0001042220001181704, 0.0003538559999469726, 0.0002097740002682258, 0.00010502300028747413, 9.914799966281862e-05]",0.00012811399983547744,0.00010462250020282227,0.0001773550002326374
sobol,normal,10,128,gpu,1,d7f098b845b573e134d1f80d88f1c09bd96c9c8ec7da56b6322504dd3c45d25f,2.0174745840004107,0.46757483400006095,"[0.0002964909999718657, 0.00026700600028561894, 0.00025120200007222593, 0.00024700599988136673, 0.00024475399959555943, 0.00024359999997614068, 0.00024794099999780883]",0.00024794099999780883,0.0002458799997384631,0.00025910400017892243
sobol,normal,10,256,gpu,0,758c85f5a3d859b17e3a48fb013154168bbf5253d45ef5b042e5d7de5a2583cf,1.0950487330001124,0.509792447000109,"[0.00029294900014065206, 0.00028152000004411093, 0.0002803799998218892, 0.00028543400003400166, 0.00026497999988350784, 0.0002691209997465194, 0.00026950100027534063]",0.0002803799998218892,0.00026931100001093,0.0002834770000390563
sobol,normal,10,256,cpu,1,758c85f5a3d859b17e3a48fb013154168bbf5253d45ef5b042e5d7de5a2583cf,1.0950487330001124,0.21868959899984475,"[0.00016112599996631616, 0.00015882799971222994, 0.00016256600019914913, 0.0001440679998268024, 0.00016579299972363515, 0.00015568699973300681, 0.00013769199995294912]",0.00015882799971222994,0.0001498774997799046,0.00016184600008273264
sobol,normal,10,512,cpu,0,b8c2d9ec81583f63605c56bc8e941a971b901012aef311d5144228587ae3e42e,1.152388055999836,0.22446595200017327,"[0.0004262130000824982, 0.00032852899994395557, 0.00031449499965674477, 0.00027861900025527575, 0.0003301619999547256, 0.0003142350001326122, 0.0003502619997561851]",0.00032852899994395557,0.0003143649998946785,0.00034021199985545536
sobol,normal,10,512,gpu,1,b8c2d9ec81583f63605c56bc8e941a971b901012aef311d5144228587ae3e42e,1.152388055999836,0.5326126090003527,"[0.0002598930000203836, 0.000276288999884855, 0.0002672679997886007, 0.0002683540001271467, 0.0002697980003176781, 0.00026535400002103415, 0.0002871780002351443]",0.0002683540001271467,0.00026631099990481744,0.00027304350010126655
sobol,normal,10,2048,gpu,0,49f97a7b9bd0475f2980743dfdf469b3756096abbd340edd919fad32f305e8d8,1.1655938660001084,0.6987028720000126,"[0.00035005700010515284, 0.00038028399967515725, 0.0003758970001399575, 0.0003833800001302734, 0.00036483399981079856, 0.000363576999916404, 0.0003731380002136575]",0.0003731380002136575,0.0003642054998636013,0.0003780904999075574
sobol,normal,10,2048,cpu,1,49f97a7b9bd0475f2980743dfdf469b3756096abbd340edd919fad32f305e8d8,1.1655938660001084,0.22384007299979203,"[0.0009333640000477317, 0.0010169229999519303, 0.0009850799997366266, 0.0009224120003636926, 0.0009581560002516198, 0.000990518999969936, 0.001060489999872516]",0.0009850799997366266,0.0009457600001496758,0.0010037209999609331
sobol,normal,10,8192,cpu,0,0bea50bfc13bcbe3e7dfab5fb86e9eaacbb174368f0fcad764235f65430da85e,1.2436335190000136,0.23153824000019085,"[0.0030979339999248623, 0.003148136999698181, 0.0031393680001201574, 0.0031906280000839615, 0.003061170999899332, 0.0031610689998160524, 0.0031584610001118563]",0.003148136999698181,0.00311865100002251,0.0031597649999639543
sobol,normal,10,8192,gpu,1,0bea50bfc13bcbe3e7dfab5fb86e9eaacbb174368f0fcad764235f65430da85e,1.2436335190000136,0.7144796050001787,"[0.00044027000012647477, 0.0004563869997582515, 0.0004964400000062597, 0.00042962399993484723, 0.00042465099977562204, 0.00045704700005444465, 0.00043541900004129275]",0.00044027000012647477,0.00043252149998807,0.00045671699990634806
sobol,normal,10,32768,gpu,0,93feb325bd769473a430805d3d5894feba157adba635c882085b7feb28c553d3,1.3071236750001844,0.8287075329999425,"[0.0004763449996971758, 0.0005162870002095588, 0.0005044109998380009, 0.0005098639999232546, 0.000493579999783833, 0.0005007110003134585, 0.0004889859997092572]",0.0005007110003134585,0.0004912829997465451,0.0005071374998806277
sobol,normal,10,32768,cpu,1,93feb325bd769473a430805d3d5894feba157adba635c882085b7feb28c553d3,1.3071236750001844,0.24640629400028047,"[0.012419946999671083, 0.012505141000019648, 0.012593477999871538, 0.012494438999965496, 0.012528097000085836, 0.01911005500005558, 0.012498632000188081]",0.012505141000019648,0.012496535500076789,0.012560787499978687
sobol,normal,10,131072,cpu,0,f39d5ae45a1a1b895f2044fa0009902cd5c5c4bf2eae7cf182f5e3d47b0d32a0,1.4082767569998396,0.278559698999743,"[0.052876432000175555, 0.05304668100006893, 0.052683173999866995, 0.051178646000153094, 0.05210088099966015, 0.05241245599972899, 0.051306666000073164]",0.05241245599972899,0.051703773499866656,0.052779803000021275
sobol,normal,10,131072,gpu,1,f39d5ae45a1a1b895f2044fa0009902cd5c5c4bf2eae7cf182f5e3d47b0d32a0,1.4082767569998396,0.5921385040001041,"[0.0006189010000525741, 0.0007074739996824064, 0.0006499539999822446, 0.0006421920002139814, 0.0006683850001536484, 0.0006413989999600744, 0.0006432199998016586]",0.0006432199998016586,0.0006417955000870279,0.0006591695000679465
sobol,normal,30,128,gpu,0,257856e32ba9c2724b34fde1c0bcdcd0a4eb58644d76af86fe9479c693322861,2.0218521289998534,0.45625473000018246,"[0.0002527929996176681, 0.0002445360000820074, 0.0002729689999796392, 0.00020469099990805262, 0.00018288799992660643, 0.00020832099971812568, 0.0001872590000857599]",0.00020832099971812568,0.00019597499999690626,0.00024866449984983774
sobol,normal,30,128,cpu,1,257856e32ba9c2724b34fde1c0bcdcd0a4eb58644d76af86fe9479c693322861,2.0218521289998534,0.41012911999996504,"[0.00011517599978105864, 0.00010892599993894692, 0.0001000359998215572, 0.0001001830000859627, 0.00010814699999173172, 0.00011202499990758952, 0.00010203100009675836]",0.00010814699999173172,0.00010110700009136053,0.00011047549992326822
sobol,normal,30,256,cpu,0,97115ce980ca97d156929444c7a2e0bdc12f09ebb532e089b42139d44587eb68,1.1724381490002997,0.20817082699977618,"[0.00020711699971798225, 0.00020164200032013468, 0.0002413799998066679, 0.0002480410003045108, 0.00019910500031983247, 0.0001894519996312738, 0.00019691699981194688]",0.00020164200032013468,0.00019801100006588968,0.00022424849976232508
sobol,normal,30,256,gpu,1,97115ce980ca97d156929444c7a2e0bdc12f09ebb532e089b42139d44587eb68,1.1724381490002997,0.492735975999949,"[0.0002610149999782152, 0.0002623420000418264, 0.0002470710001034604, 0.0002244870001959498, 0.00022729100010110415, 0.00022794899996370077, 0.00021934200003670412]",0.00022794899996370077,0.00022588900014852697,0.0002540430000408378
sobol,normal,30,512,gpu,0,1f46a521b5ef4c25dc17ef07224f045fef6155565c9253cc882fc8298969b9c2,1.1665962519996356,0.5593573609999112,"[0.0002937269996436953, 0.0003409109999665816, 0.00025976599999921746, 0.00024992999988171505, 0.00024256500000774395, 0.00027343900001142174, 0.00023126200039769174]",0.00025976599999921746,0.0002462474999447295,0.0002835829998275585
sobol,normal,30,512,cpu,1,1f46a521b5ef4c25dc17ef07224f045fef6155565c9253cc882fc8298969b9c2,1.1665962519996356,0.21511686899975757,"[0.00043519300015759654, 0.0003769790000660578, 0.0003721600000972103, 0.0004228180000609427, 0.0003714829999807989, 0.0003019759997187066, 0.0003439940001044306]",0.0003721600000972103,0.00035773850004261476,0.00039989850006350025
sobol,normal,30,2048,cpu,0,628983bd9c4fc62107762ac8637eba98244865017e15ec5c8b63ab98cb97e6f9,1.419597615999919,0.24583176400028606,"[0.0011678189998747257, 0.0010834849999810103, 0.0012434680002115783, 0.0011422640000091633, 0.0011989169997832505, 0.001198970000132249, 0.0011544969997885346]",0.0011678189998747257,0.001148380499898849,0.0011989434999577497
sobol,normal,30,2048,gpu,1,628983bd9c4fc62107762ac8637eba98244865017e15ec5c8b63ab98cb97e6f9,1.419597615999919,0.7398902929999167,"[0.0003067249999730848, 0.00032814599990160787, 0.0003312180001557863, 0.00032128300017575384, 0.00031858600004852633, 0.00032100699991133297, 0.00033253099991270574]",0.00032128300017575384,0.00031979649997992965,0.0003296820000286971
sobol,normal,30,8192,gpu,0,f406792c26c8e60c9cfd71f1ffe0def18b8c90d4d705368490175ae568520550,1.301632097000038,0.7704045760001463,"[0.00031033799996293965, 0.000338134999765316, 0.0003265119999014132, 0.0003220899998268578, 0.000337816999945062, 0.00036522999971566605, 0.0003391429995645012]",0.000337816999945062,0.0003243009998641355,0.0003386389996649086
sobol,normal,30,8192,cpu,1,f406792c26c8e60c9cfd71f1ffe0def18b8c90d4d705368490175ae568520550,1.301632097000038,0.22453693500028749,"[0.0035617079997791734, 0.0035706979997485178, 0.0035705770001186465, 0.0035060860000157845, 0.0032469900002070062, 0.0036139849999017315, 0.003525910999996995]",0.0035617079997791734,0.00351599850000639,0.003570637499933582
sobol,normal,30,32768,cpu,0,f104193ea1af982c10b6746eec08f03d93f2025685b9d93bdd033ad1acc8fee7,1.3901254110000991,0.23207954899999095,"[0.01212482800019643, 0.01294141700009277, 0.012342814000021463, 0.013129484999808483, 0.012800902999970276, 0.012841290999858757, 0.0122635010002341]",0.012800902999970276,0.012303157500127782,0.012891353999975763
sobol,normal,30,32768,gpu,1,f104193ea1af982c10b6746eec08f03d93f2025685b9d93bdd033ad1acc8fee7,1.3901254110000991,0.7897300390000055,"[0.00042523100000835257, 0.00045192499965196475, 0.00044783399971493054, 0.00044673900038105785, 0.00048272300000462565, 0.0004499410001699289, 0.00044587899992620805]",0.00044783399971493054,0.00044630900015363295,0.0004509329999109468
sobol,normal,30,131072,gpu,0,5b2d59fe5ef6e33b52104add6818d103d4b0ebe99dca42a82b453ee559e79952,1.5765539880003416,0.5972582730000795,"[0.000657041000067693, 0.0006832170001871418, 0.0006719640000483196, 0.0006713190000482427, 0.0006666510003014992, 0.0006640450001214049, 0.0006768520001969591]",0.0006713190000482427,0.000665348000211452,0.0006744080001226394
sobol,normal,30,131072,cpu,1,5b2d59fe5ef6e33b52104add6818d103d4b0ebe99dca42a82b453ee559e79952,1.5765539880003416,0.269585528999869,"[0.055428341000151704, 0.06187180400002035, 0.05296916399993279, 0.052325161999760894, 0.06693331999986185, 0.055765032000181236, 0.05845962200010035]",0.055765032000181236,0.05419875250004225,0.06016571300006035
sobol,normal,60,128,cpu,0,8b25cafa0a1b6391a93201274f76d8e8018b91a5740a17bff3723fc4a943d9c7,1.9475718749999942,0.17002814799980115,"[0.00015227100038828212, 0.0001412770002389152, 0.00013590599974122597, 0.00012937700012116693, 0.00012756999967677984, 0.00012441900025805808, 0.00016828399975565844]",0.00013590599974122597,0.0001284734998989734,0.00014677400031359866
sobol,normal,60,128,gpu,1,8b25cafa0a1b6391a93201274f76d8e8018b91a5740a17bff3723fc4a943d9c7,1.9475718749999942,0.4132618610001373,"[0.00018001099988396163, 0.0001831740000852733, 0.0001951690001078532, 0.00017529700016893912, 0.00014745399994353647, 0.00015393800003948854, 0.00014293300000645104]",0.00017529700016893912,0.0001506959999915125,0.00018159249998461746
sobol,normal,60,256,gpu,0,22f608994157ea09a2d43e7ba6731c529bb830b032732518478eae05571863c1,1.0810286740002084,0.45238557799984846,"[0.0001758859998517437, 0.00018523900007494376, 0.0001619710001250496, 0.0001577210000505147, 0.00015193800027191173, 0.00015180399987002602, 0.0001520740001978993]",0.0001577210000505147,0.00015200600023490551,0.00016892849998839665
sobol,normal,60,256,cpu,1,22f608994157ea09a2d43e7ba6731c529bb830b032732518478eae05571863c1,1.0810286740002084,0.15307399499988605,"[0.00027106199968329747, 0.00028133700016041985, 0.0002571449999777542, 0.00024886500023058034, 0.00023034500009089243, 0.000230146999911085, 0.0002369179997003812]",0.00024886500023058034,0.0002336314998956368,0.00026410349983052583
sobol,normal,60,512,cpu,0,bc887baf19d16d808b94cfe4d3e066c456436216a8c056484686a4c7fc2e2541,1.0589023409997935,0.16019122300031086,"[0.00049569699967833, 0.0005003269998269388, 0.000478106000173284, 0.00048196299985647784, 0.0004739589999189775, 0.0005082709999442159, 0.00047673100016254466]",0.00048196299985647784,0.0004774185001679143,0.0004980119997526344
sobol,normal,60,512,gpu,1,bc887baf19d16d808b94cfe4d3e066c456436216a8c056484686a4c7fc2e2541,1.0589023409997935,0.5207999559997916,"[0.00018520000003263704, 0.00020383699984449777, 0.00018582599977889913, 0.00022294099971986725, 0.0001868210001703119, 0.00017334799986201688, 0.0001811539996197098]",0.00018582599977889913,0.00018317699982617341,0.00019532900000740483
sobol,normal,60,2048,gpu,0,d1f053c504fe1b3608cc98c3c9645806affedda4dc328aef83e8e86948a6d27b,1.2450689100001,0.6556630549998772,"[0.000330057000155648, 0.00031558099999529077, 0.0004469509999580623, 0.00032907400009207777, 0.00027502400007506367, 0.0002637699999468168, 0.00026116399976672255]",0.00031558099999529077,0.00026939700001094025,0.0003295655001238629
sobol,normal,60,2048,cpu,1,d1f053c504fe1b3608cc98c3c9645806affedda4dc328aef83e8e86948a6d27b,1.2450689100001,0.17420120199994926,"[0.0013316600002326595, 0.0011297470000499743, 0.0012363169998934609, 0.0014100779999353108, 0.001361267999982374, 0.0012635660000341886, 0.0013435100004244305]",0.0013316600002326595,0.0012499414999638248,0.0013523890002034022
sobol,normal,60,8192,cpu,0,e247f35b011c19921dfef24515763352424e6e229878c8d69f7f586197e997c8,1.2451329300001817,0.16537952699991365,"[0.004198554000140575, 0.0037603929999932006, 0.004177556999820808, 0.004147396000007575, 0.0038367980000657553, 0.004225981000217871, 0.004280828999981168]",0.004177556999820808,0.003992097000036665,0.004212267500179223
sobol,normal,60,8192,gpu,1,e247f35b011c19921dfef24515763352424e6e229878c8d69f7f586197e997c8,1.2451329300001817,0.6740263749998121,"[0.0003622069998527877, 0.0003797979998125811, 0.0003519879996929376, 0.0003393550000510004, 0.0003337779999128543, 0.00033700899984978605, 0.0003301839997220668]",0.0003393550000510004,0.00033539349988132017,0.00035709749977286265
sobol,normal,60,32768,gpu,0,7c4b3c75ad2be06b7f4180bd3de0577d4b52588d737f2cd94ff253cff8066bba,1.3461004480000156,0.7613454390002516,"[0.0004255359999660868, 0.00047979999999370193, 0.0004794980000042415, 0.00047367099978146143, 0.0004724479999822506, 0.00047253000002456247, 0.00047408099999302067]",0.00047367099978146143,0.00047248900000340655,0.00047678949999863107
sobol,normal,60,32768,cpu,1,7c4b3c75ad2be06b7f4180bd3de0577d4b52588d737f2cd94ff253cff8066bba,1.3461004480000156,0.1843628550000176,"[0.014496108000003005, 0.01624364899998909, 0.01659230299992487, 0.016363108999939868, 0.01463166400026239, 0.0163316749999467, 0.016587084999628132]",0.0163316749999467,0.01543765650012574,0.016475096999784
sobol,normal,60,131072,cpu,0,7228636dd805cec7e5902f4e49e181c677bc19f4ec09018e54f9bd521de62323,1.701553313000204,0.23499805400024343,"[0.08227359199963757, 0.07798802499974045, 0.08234782999988965, 0.07862966900029278, 0.08301447600024403, 0.07943597000030422, 0.0829615949996878]",0.08227359199963757,0.0790328195002985,0.08265471249978873
sobol,normal,60,131072,gpu,1,7228636dd805cec7e5902f4e49e181c677bc19f4ec09018e54f9bd521de62323,1.701553313000204,0.4213999079997848,"[0.000740641999982472, 0.000763588999689091, 0.0007616450002387865, 0.0007725909999862779, 0.0007618130002811085, 0.0007845909999559808, 0.0007622859998264175]",0.0007622859998264175,0.0007617290002599475,0.0007680899998376844
halton,normal,2,128,gpu,0,caa56592d440c4cd7517c7718f7cc838983c56ade149b0dcdc4315d7e0de4476,1.643068458000016,0.0008365349999621685,"[0.0005541580003409763, 0.0005863119999958144, 0.0006036770000719116, 0.000599188999785838, 0.0005861469999217661, 0.0005550969999603694, 0.0005700470001102076]",0.0005861469999217661,0.0005625720000352885,0.0005927504998908262
halton,normal,2,128,cpu,1,caa56592d440c4cd7517c7718f7cc838983c56ade149b0dcdc4315d7e0de4476,1.643068458000016,0.00031842399994275183,"[0.00012806099994122633, 0.00010260399994876934, 9.101800014832406e-05, 8.873500019035419e-05, 8.917899958760245e-05, 9.035399989443249e-05, 9.037300014824723e-05]",9.037300014824723e-05,8.976649974101747e-05,9.68110000485467e-05
halton,normal,2,256,cpu,0,296a7e41f77a8f1f518073a09da41268cf906ec248ef89ac0dfa53da9ee6e941,0.2989926089999244,0.00034386300012556603,"[0.00017181799967147526, 0.00015841599997656886, 0.00015660100007153233, 0.00014837899971098523, 0.00014682100027130218, 0.0001455599999644619, 0.00015567399987048702]",0.00015567399987048702,0.0001475999999911437,0.0001575085000240506
halton,normal,2,256,gpu,1,296a7e41f77a8f1f518073a09da41268cf906ec248ef89ac0dfa53da9ee6e941,0.2989926089999244,0.0008639870002298267,"[0.0006167789997562068, 0.0006469850000030419, 0.0005809549998048169, 0.0005380249999689113, 0.0005625490002785227, 0.0005268499999147025, 0.0005525939996005036]",0.0005625490002785227,0.0005453094997847074,0.0005988669997805118
halton,normal,2,512,gpu,0,49349b6bef63f047b4dc4578e8c3c399a615eda1fa4ceabce3b7296a5baca37c,0.31038977900016107,0.0009020430002237845,"[0.0005805079999845475, 0.0005721389998143422, 0.0005812179997519706, 0.0005496200001289253, 0.0005802659998153104, 0.0005568490000769089, 0.0005657719998453103]",0.0005721389998143422,0.0005613104999611096,0.0005803869998999289
halton,normal,2,512,cpu,1,49349b6bef63f047b4dc4578e8c3c399a615eda1fa4ceabce3b7296a5baca37c,0.31038977900016107,0.0004956799998581118,"[0.00029084800007694867, 0.0003142989999105339, 0.00028064099979019375, 0.0002706230002331722, 0.0002820869999595743, 0.0002704809999158897, 0.0002844059999915771]",0.0002820869999595743,0.000275632000011683,0.0002876270000342629
halton,normal,2,2048,cpu,0,05f43945ed90b763ebdf6e632a26f6c9f416db61d6639a46962a0765fdb5ab37,0.31315591100019446,0.0022441259998231544,"[0.0016975540002022171, 0.001685287000327662, 0.0017404109999006323, 0.0016860269997778232, 0.0018919220001407666, 0.0017089010002564464, 0.0017411460003131651]",0.0017089010002564464,0.0016917904999900202,0.0017407785001068987
halton,normal,2,2048,gpu,1,05f43945ed90b763ebdf6e632a26f6c9f416db61d6639a46962a0765fdb5ab37,0.31315591100019446,0.001223446000039985,"[0.0006651150001744099, 0.0006612069996663195, 0.0006675149998045526, 0.000671154999963619, 0.0006635059999098303, 0.000643930000023829, 0.0006306299997049791]",0.0006635059999098303,0.0006525684998450743,0.0006663149999894813
halton,normal,2,8192,gpu,0,18aca84fa55b67aba72479c029abb6bf1d367b06adc15095979a920938aa0e14,0.3166287999997621,0.0010689910000110103,"[0.0006564999998772691, 0.0006904970000505273, 0.0006925909997335111, 0.0006603360002372938, 0.0006536509999932605, 0.0006693010000162758, 0.000663072000406828]",0.000663072000406828,0.0006584180000572815,0.0006798990000334015
halton,normal,2,8192,cpu,1,18aca84fa55b67aba72479c029abb6bf1d367b06adc15095979a920938aa0e14,0.3166287999997621,0.005411764999735169,"[0.0049484720002510585, 0.0061683250000896805, 0.004976482000074611, 0.004902405999928305, 0.004887951999990037, 0.0049406549997002, 0.004936235000059241]",0.0049406549997002,0.004919320499993773,0.004962477000162835
halton,normal,2,32768,cpu,0,841e82ad10004ab3eba03aa0e2f108a40c9b34c6fc9726d2761710aef65c2a58,0.3359807029996773,0.019175991999873077,"[0.01879132700014452, 0.01824516400029097, 0.01825598400000672, 0.01830473299969526, 0.018363142999987758, 0.018460244000380044, 0.01837238600001001]",0.018363142999987758,0.01828035849985099,0.018416315000195027
halton,normal,2,32768,gpu,1,841e82ad10004ab3eba03aa0e2f108a40c9b34c6fc9726d2761710aef65c2a58,0.3359807029996773,0.0012787700002263591,"[0.0007524319998992723, 0.0007927599999675294, 0.0007938510002531984, 0.0007838820001779823, 0.0007783739997648809, 0.0007691149999118352, 0.0007802290001563961]",0.0007802290001563961,0.000773744499838358,0.0007883210000727559
halton,normal,2,131072,gpu,0,dae7939bd045e986166a534624e3a17ba6801e1ce55b8c1c0c47f20fd7d50e8d,0.34998980499995014,0.001410195000062231,"[0.0010637090003910998, 0.0010957250001411012, 0.0011108510002486582, 0.0010969450004267856, 0.0010913850001088576, 0.0010860329998649831, 0.0010845979995792732]",0.0010913850001088576,0.0010853154997221282,0.0010963350002839434
halton,normal,2,131072,cpu,1,dae7939bd045e986166a534624e3a17ba6801e1ce55b8c1c0c47f20fd7d50e8d,0.34998980499995014,0.08311359199979051,"[0.08868587999995725, 0.08383584900002461, 0.0854575289999957, 0.08351124499995422, 0.08834035600011703, 0.0890802399999302, 0.08309908999990512]",0.0854575289999957,0.08367354699998941,0.08851311800003714
halton,normal,5,128,cpu,0,0d99c3c2fa72589c6d3a3c58ec9968f4476db486b527414cbd2a251ec3d7bfa9,2.4849571200002174,0.0004370450001260906,"[0.00012786700017386465, 0.00015044700012367684, 0.00016359399978682632, 0.0001235409999935655, 0.00011128599999210564, 0.00012986799993086606, 0.00011370399988663848]",0.00012786700017386465,0.00011862249994010199,0.00014015750002727145
halton,normal,5,128,gpu,1,0d99c3c2fa72589c6d3a3c58ec9968f4476db486b527414cbd2a251ec3d7bfa9,2.4849571200002174,0.0006508589999612013,"[0.00030938800000512856, 0.00032304900014423765, 0.00032947799991234206, 0.000356729000031919, 0.00031670999987909454, 0.00032152899984794203, 0.00032182000040847925]",0.00032182000040847925,0.0003191194998635183,0.00032626350002828985
halton,normal,5,256,gpu,0,408dbe0e93cda56dd863b668fd1add5e59da00713b9db6bb028667d83b672355,0.47356461599974864,0.0006364390001181164,"[0.00035649499977807864, 0.00036787999988519005, 0.0003439469996919797, 0.0003729989998646488, 0.00035359299999981886, 0.00034892900021077367, 0.00034625899979801034]",0.00035359299999981886,0.000347594000004392,0.00036218749983163434
halton,normal,5,256,cpu,1,408dbe0e93cda56dd863b668fd1add5e59da00713b9db6bb028667d83b672355,0.47356461599974864,0.00038910500006750226,"[0.00025119000019913074, 0.00023571099973196397, 0.00023832399983803043, 0.00025484700017841533, 0.00023445499982699403, 0.00022464899984697695, 0.00020560000029945513]",0.00023571099973196397,0.0002295519998369855,0.0002447570000185806
halton,normal,5,512,cpu,0,aac80c339038a9a434265bc04cb0f952e82571f14bae34a9c99e61e3f330ba72,0.4839999830001034,0.0005023829999117879,"[0.00031909799963614205, 0.0003326000000924978, 0.00035540300041247974, 0.00032520800004931516, 0.00032327300004908466, 0.0003455040000517329, 0.00031767500013302197]",0.00032520800004931516,0.00032118549984261335,0.00033905200007211533
halton,normal,5,512,gpu,1,aac80c339038a9a434265bc04cb0f952e82571f14bae34a9c99e61e3f330ba72,0.4839999830001034,0.0006195820001266839,"[0.00030393199995160103, 0.0003473060000942496, 0.00033356499989167787, 0.00030376799986697733, 0.00031708400001662085, 0.0003173949999109027, 0.00030418699998335796]",0.00031708400001662085,0.0003040594999674795,0.0003254799999012903
halton,normal,5,2048,gpu,0,2e4df536dccf0658b4cc9cd2ce3db9c3a9b9aeb4bfd5f2dea544bc9ea603ae00,0.5050563370000418,0.0007168930001171248,"[0.0003920660001313081, 0.0003814990000137186, 0.0003798410002673336, 0.00038465099987661233, 0.00037405200009743567, 0.000369777999821963, 0.00037688800011892454]",0.0003798410002673336,0.0003754700001081801,0.0003830749999451655
halton,normal,5,2048,cpu,1,2e4df536dccf0658b4cc9cd2ce3db9c3a9b9aeb4bfd5f2dea544bc9ea603ae00,0.5050563370000418,0.0010477910000190604,"[0.0008830179999677057, 0.0008554279997952108, 0.0008596620000389521, 0.0008749349999561673, 0.0008344089997081028, 0.0008513610000591143, 0.0008410289997300424]",0.0008554279997952108,0.0008461949998945784,0.0008672984999975597
halton,normal,5,8192,cpu,0,1b379f84d8ab29c19dd25484e96d36bcce70db6e85114abb31573bb36bb78a8c,0.504637478999939,0.003580401999897731,"[0.003123783999853913, 0.003192342000147619, 0.003133474000151182, 0.0031530850001217914, 0.0032292370001414383, 0.00324248400011129, 0.0032605269998384756]",0.003192342000147619,0.0031432795001364866,0.003235860500126364
halton,normal,5,8192,gpu,1,1b379f84d8ab29c19dd25484e96d36bcce70db6e85114abb31573bb36bb78a8c,0.504637478999939,0.0008267270000033022,"[0.00043808600003103493, 0.00044197900024300907, 0.0004451530003279913, 0.0004481789997043961, 0.00045280799986358033, 0.00043601400011539226, 0.0004303489999983867]",0.00044197900024300907,0.0004370500000732136,0.0004466660000161937
halton,normal,5,32768,gpu,0,63bbd89e7135d2e6f3e655cc17f95db56424994d8741a77a6ad29cac4fb06539,0.5045069020002302,0.0010034169999926235,"[0.0005167880003682512, 0.0005577319998337771, 0.0005426849998002581, 0.0005355569996936538, 0.0005319960000633728, 0.0005293899998832785, 0.0005319649999364628]",0.0005319960000633728,0.0005306774999098707,0.0005391209997469559
halton,normal,5,32768,cpu,1,63bbd89e7135d2e6f3e655cc17f95db56424994d8741a77a6ad29cac4fb06539,0.5045069020002302,0.013556632000017999,"[0.013428014000055555, 0.01349742200000037, 0.013174813999739854, 0.013267254999846045, 0.013342315000045346, 0.013082980999570282, 0.013432360000024346]",0.013342315000045346,0.01322103449979295,0.01343018700003995
halton,normal,5,131072,cpu,0,3c377ced1eca3d5985b80563825a3e6b4843937e29dd20481868b8c895779dbb,0.516304207000303,0.06074957200007702,"[0.05712929700030145, 0.057627585000318504, 0.05742995399987194, 0.05814662800003134, 0.05765193800016277, 0.05739540400008991, 0.05746870499979195]",0.05746870499979195,0.057412678999980926,0.05763976150024064
halton,normal,5,131072,gpu,1,3c377ced1eca3d5985b80563825a3e6b4843937e29dd20481868b8c895779dbb,0.516304207000303,0.0009911600000123144,"[0.0006605499997931474, 0.0006951400000616559, 0.0006917400000929774, 0.0006933509998816589, 0.0006783359999644745, 0.0006856329996480781, 0.0007091530001162027]",0.0006917400000929774,0.0006819844998062763,0.0006942454999716574
halton,normal,10,128,gpu,0,fe6b5290a8ebb54d94abccfc5f23c46ffd770765ec834eb6a0b1d0a0f2701d9b,3.069773515000179,0.0005119959996591206,"[0.0002545920001466584, 0.0002666579998731322, 0.00024773600034677656, 0.0002662749998307845, 0.00027387699992686976, 0.00026340700014770846, 0.00027513400027601165]",0.0002662749998307845,0.0002589995001471834,0.000270267499900001
halton,normal,10,128,cpu,1,fe6b5290a8ebb54d94abccfc5f23c46ffd770765ec834eb6a0b1d0a0f2701d9b,3.069773515000179,0.00028427899997041095,"[0.00013301999979375978, 0.00014340800044010393, 0.00013589499985755538, 0.00012890500011053518, 0.00013403100001596613, 0.00013031200023760903, 0.00012853199996243347]",0.00013301999979375978,0.0001296085001740721,0.00013496299993676075
halton,normal,10,256,cpu,0,2fa04c743a233e899a3588ba2e248de39c1857c395f5f946016d19647d3cf3d7,0.925336021000021,0.0003207339996151859,"[0.00021785699982501683, 0.00019714600011866423, 0.0001880350000647013, 0.00021049599990874412, 0.0002076680002573994, 0.00019988400026704767, 0.000180129999989731]",0.00019988400026704767,0.00019259050009168277,0.00020908200008307176
halton,normal,10,256,gpu,1,2fa04c743a233e899a3588ba2e248de39c1857c395f5f946016d19647d3cf3d7,0.925336021000021,0.0005220779999035585,"[0.0002788319998217048, 0.0002928320000137319, 0.0003142660002595221, 0.00028467199990700465, 0.0002804910000122618, 0.00030225000000427826, 0.0002596949998405762]",0.00028467199990700465,0.0002796614999169833,0.0002975410000090051
halton,normal,10,512,gpu,0,8fce8c6e0ab93076d337072f61a8dd0f89155d840c176a3da1f6e650def0ca4c,0.8978903600000194,0.0006215460002749751,"[0.00025993899998866254, 0.00026847099979931954, 0.0002614089999042335, 0.0002637100001265935, 0.0002777939998850343, 0.0002459999996062834, 0.0002544220001254871]",0.0002614089999042335,0.0002571805000570748,0.00026609049996295653
halton,normal,10,512,cpu,1,8fce8c6e0ab93076d337072f61a8dd0f89155d840c176a3da1f6e650def0ca4c,0.8978903600000194,0.0005247349999990547,"[0.0003768440001294948, 0.000343016999977408, 0.0003278330000284768, 0.0003577929996936291, 0.00035681899998962763, 0.000320648000069923, 0.0003637539998635475]",0.00035681899998962763,0.0003354250000029424,0.0003607734997785883
halton,normal,10,2048,cpu,0,b44df5445a3f470d344b18b03f354ba26bec8a2e79b52c4965c314ca7da01275,0.891651095999805,0.0011243970002396964,"[0.0009795700002541707, 0.0009670839999671443, 0.0009786679997887404, 0.0010100770000462944, 0.0009966299999177863, 0.0010667819997252082, 0.000976698000158649]",0.0009795700002541707,0.0009776829999736947,0.0010033534999820404
halton,normal,10,2048,gpu,1,b44df5445a3f470d344b18b03f354ba26bec8a2e79b52c4965c314ca7da01275,0.891651095999805,0.0006359939998219488,"[0.00037281099957908737, 0.00038152200022523175, 0.00036650899983214913, 0.00037770000017189886, 0.0003721590001077857, 0.00035966000041298685, 0.00036802700014959555]",0.0003721590001077857,0.00036726799999087234,0.0003752554998754931
halton,normal,10,8192,gpu,0,b2061761e2c9611a67b1bbc0e9ae64ebd015283a721df271f744b85cf1a5ed97,1.188896417000251,0.0010809800000970426,"[0.00040590399976281333, 0.0004323539997130865, 0.0004331259997343295, 0.00043257099969196133, 0.00041915300016626134, 0.0004215680000925204, 0.0004459649999262183]",0.0004323539997130865,0.00042036050012939086,0.00043284849971314543
halton,normal,10,8192,cpu,1,b2061761e2c9611a67b1bbc0e9ae64ebd015283a721df271f744b85cf1a5ed97,1.188896417000251,0.0036625909997383133,"[0.003322144000321714, 0.00324899799988998, 0.00335277500016673, 0.0032697530000405095, 0.003287618999820552, 0.003373502999693301, 0.0032048749999376014]",0.003287618999820552,0.0032593754999652447,0.003337459500244222
halton,normal,10,32768,cpu,0,79ab3bb814f504d217dac720283227ab1c8441fd4c286706d978a7057125b0f9,0.9566392679998899,0.013818454000102065,"[0.01309814699970957, 0.013197879999552242, 0.012834684999688761, 0.013117585000145482, 0.012709419999737293, 0.012899920000108978, 0.013000004999867087]",0.013000004999867087,0.01286730249989887,0.013107865999927526
halton,normal,10,32768,gpu,1,79ab3bb814f504d217dac720283227ab1c8441fd4c286706d978a7057125b0f9,0.9566392679998899,0.0009651579998717352,"[0.0004893280001851963, 0.0005264940000415663, 0.0004958689996783505, 0.00047689000030004536, 0.0004785860000993125, 0.00045932400007586693, 0.0004717380002148275]",0.0004785860000993125,0.0004743140002574364,0.0004925984999317734
halton,normal,10,131072,gpu,0,c168911877a9e916a8e45d26444373b9af933457d9bd18cda1a6319f82d16f2e,0.9722584350001853,0.0009904569997161161,"[0.0006038389997229388, 0.0006391930000972934, 0.0006280689999584865, 0.0006413229998543102, 0.0006220570003279136, 0.0006219930000952445, 0.0006194839997988311]",0.0006220570003279136,0.0006207384999470378,0.00063363100002789
halton,normal,10,131072,cpu,1,c168911877a9e916a8e45d26444373b9af933457d9bd18cda1a6319f82d16f2e,0.9722584350001853,0.05719637499987584,"[0.05491557899995314, 0.05648031600003378, 0.05469460199992682, 0.05424240100001043, 0.05498374499984493, 0.05479401000002326, 0.0551879579998058]",0.05491557899995314,0.05474430599997504,0.05508585149982537
halton,normal,30,128,cpu,0,f701d27e42e57f2cd49ef8046feb75d8e6a8327c71ea70ca95fdd1a5359de817,10.417044702000112,0.0003110799998466973,"[0.00020087799975954113, 0.00019395399976929184, 0.00020586600021488266, 0.00019421600018176832, 0.00016467399973407737, 0.00017898700025398284, 0.00015287299993360648]",0.00019395399976929184,0.0001718304999940301,0.00019754699997065472
halton,normal,30,128,gpu,1,f701d27e42e57f2cd49ef8046feb75d8e6a8327c71ea70ca95fdd1a5359de817,10.417044702000112,0.00046571900020353496,"[0.00021258100014165393, 0.00023276599995369907, 0.00022229199976209202, 0.00024020899991228362, 0.00023254799998539966, 0.00020754000024680863, 0.0002081210000142164]",0.00022229199976209202,0.00021035100007793517,0.00023265699996954936
halton,normal,30,256,gpu,0,d09b7cf5b89e035e3ebb4cfa038fe47ab38b046022145c007ed0bb2844aa3c55,2.706179398999666,0.000489581000238104,"[0.00022737199969924404, 0.0002222289999735949, 0.00020271799985494, 0.0002021430000240798, 0.00020639700005631312, 0.00020533399992928025, 0.00019784300002356758]",0.00020533399992928025,0.0002024304999395099,0.00021431300001495401
halton,normal,30,256,cpu,1,d09b7cf5b89e035e3ebb4cfa038fe47ab38b046022145c007ed0bb2844aa3c55,2.706179398999666,0.0005239279998932034,"[0.00031835600020713173, 0.00026999600004273816, 0.0002590879998933815, 0.0002477269999872078, 0.0002486020002834266, 0.0002549399996496504, 0.0002749059999587189]",0.0002590879998933815,0.0002517709999665385,0.0002724510000007285
halton,normal,30,512,cpu,0,4a7137032407bfa41c56e2f75ee2f5c3b1940ab7f67f16bd3f03dd8fb8b154a0,2.694432554999821,0.0007488800001738127,"[0.0003790000000662985, 0.00038138099989737384, 0.00038413999982367386, 0.00038397299977077637, 0.0003822010003204923, 0.00034529200001998106, 0.00038710100034222705]",0.0003822010003204923,0.0003801904999818362,0.0003840564997972251
halton,normal,30,512,gpu,1,4a7137032407bfa41c56e2f75ee2f5c3b1940ab7f67f16bd3f03dd8fb8b154a0,2.694432554999821,0.0008224210000662424,"[0.00020762599979207153, 0.00020550799990814994, 0.00019603500004450325, 0.00018764299966278486, 0.0001891220003926719, 0.00020491699979174882, 0.00018584700001156307]",0.00019603500004450325,0.00018838250002772838,0.00020521249984994938
halton,normal,30,2048,gpu,0,df3b67fac21384e3c4628a6bc3ce52dbc9246d803304c3d30c49e4a6ad822f0a,2.741349610999805,0.0006450619998759066,"[0.00030760400022700196, 0.00033664499960650573, 0.0003294079997431254, 0.00032709300012356834, 0.0003206880001016543, 0.00036996700009694905, 0.000349636000009923]",0.0003294079997431254,0.00032389050011261133,0.00034314049980821437
halton,normal,30,2048,cpu,1,df3b67fac21384e3c4628a6bc3ce52dbc9246d803304c3d30c49e4a6ad822f0a,2.741349610999805,0.001326697999957105,"[0.0010191540000050736, 0.001169643000139331, 0.0009816950000640645, 0.0010737309999058198, 0.001118299999689043, 0.0010765500001070905, 0.0010957670001516817]",0.0010765500001070905,0.0010464424999554467,0.0011070334999203624
halton,normal,30,8192,cpu,0,5fcd15008bddf5c129de4fd12aa03208ddba0c46997625d79c6e859bfa49208e,2.6674570109998967,0.0040847000000212574,"[0.0034930980000353884, 0.003561802000149328, 0.003594110999983968, 0.003595980000227428, 0.003727519000221946, 0.003532967000410281, 0.0037027320004199282]",0.003594110999983968,0.0035473845002798043,0.003649356000323678
halton,normal,30,8192,gpu,1,5fcd15008bddf5c129de4fd12aa03208ddba0c46997625d79c6e859bfa49208e,2.6674570109998967,0.0007777539999551664,"[0.0003404689996386878, 0.0003797790000135137, 0.00037990399960108334, 0.00038110599962237757, 0.00037520700016102637, 0.000362804999895161, 0.0003664539999590488]",0.00037520700016102637,0.0003646294999271049,0.00037984149980729853
halton,normal,30,32768,gpu,0,bd07997e060a800549d4e3dfe04f14c7b874c72ea8423871c8c8a959d3df6e13,2.7744266319996314,0.000990682000065135,"[0.0004643419997591991, 0.0005103609996695013, 0.0004982469999958994, 0.0004885719999947469, 0.0004882260000158567, 0.00047620299983464065, 0.00047370899983434356]",0.0004882260000158567,0.0004749559998344921,0.0004934094999953231
halton,normal,30,32768,cpu,1,bd07997e060a800549d4e3dfe04f14c7b874c72ea8423871c8c8a959d3df6e13,2.7744266319996314,0.01532817299994349,"[0.013962720000108675, 0.013642110999626311, 0.014362911000262102, 0.014163505000396981, 0.013484013999914168, 0.014042910000171105, 0.013360655000269617]",0.013962720000108675,0.01356306249977024,0.014103207500284043
halton,normal,30,131072,cpu,0,5685a1beb5daf41bb55023cb3372b181df880e778bbe621f59e9fc9a5131a1f2,2.9917067690003023,0.06362890399987009,"[0.05764604200021495, 0.05878317999986393, 0.058485558000029414, 0.06120408900005714, 0.06052715199984959, 0.06172746499987625, 0.05842027300013797]",0.05878317999986393,0.05845291550008369,0.060865620499953366
halton,normal,30,131072,gpu,1,5685a1beb5daf41bb55023cb3372b181df880e778bbe621f59e9fc9a5131a1f2,2.9917067690003023,0.0010660450002433208,"[0.0006983740004216088, 0.0007104510000317532, 0.0007126320001589193, 0.0007149130001380399, 0.0006895619999340852, 0.000688364999859914, 0.0006883729997753107]",0.0006983740004216088,0.000688967499854698,0.0007115415000953362
halton,normal,60,128,gpu,0,77dcca854db5e88996624b90eab253fe1c4f9a0b6260404eba9d964ddbf81d71,15.64632880399995,0.00036576699994839146,"[0.00013076899995212443, 0.00017745600007401663, 0.0001957869999387185, 0.00015902799987088656, 0.0001590629999554949, 0.00015280499974323902, 0.00014628200005972758]",0.00015902799987088656,0.0001495434999014833,0.00016825950001475576
halton,normal,60,128,cpu,1,77dcca854db5e88996624b90eab253fe1c4f9a0b6260404eba9d964ddbf81d71,15.64632880399995,0.00030431599998337333,"[0.00013656800001626834, 0.00014605400019718218, 0.00013707300013265922, 0.00012621199994100607, 0.00012497199986682972, 0.0001408990001436905, 0.00012649699965550099]",0.00013656800001626834,0.00012635449979825353,0.00013898600013817486
halton,normal,60,256,cpu,0,654035730b68b81ac25a52dfdefc88bc073fff5404540c885f8ed426e5154085,5.356835261000015,0.000439274999735062,"[0.0003239430002395238, 0.000333258999944519, 0.0003147150000586407, 0.0003027389998351282, 0.00033217899999726797, 0.0003129120000266994, 0.00030669499983559945]",0.0003147150000586407,0.0003098034999311494,0.0003280610001183959
halton,normal,60,256,gpu,1,654035730b68b81ac25a52dfdefc88bc073fff5404540c885f8ed426e5154085,5.356835261000015,0.0005071559999123565,"[0.0002314899998054898, 0.00027174499973625643, 0.00025207099997714977, 0.00024701299980733893, 0.00023989999999685097, 0.00024213000006056973, 0.0002441460001136875]",0.0002441460001136875,0.00024101500002871035,0.00024954199989224435
halton,normal,60,512,gpu,0,aa7e6c595545d3fdc17618590d05e33cd39711a542b5a91054dc4b162c55bdc3,5.481591431000197,0.000492614999984653,"[0.00024011499999687658, 0.00026548399955572677, 0.0002610669998830417, 0.0002354860002924397, 0.00023105099990061717, 0.0002465699999447679, 0.0002514870002414682]",0.0002465699999447679,0.00023780050014465814,0.00025627700006225496
halton,normal,60,512,cpu,1,aa7e6c595545d3fdc17618590d05e33cd39711a542b5a91054dc4b162c55bdc3,5.481591431000197,0.0007801990000189107,"[0.0005268159998195188, 0.0005194670002310886, 0.0005170029999135295, 0.0005101310002828541, 0.0005174719999558874, 0.0005181459996492777, 0.0005215239998506149]",0.0005181459996492777,0.0005172374999347085,0.0005204955000408518
halton,normal,60,2048,cpu,0,838fcdd2ce8a41ae55d13fac82f2cdedb19855912e6ceecf04e56c17c2152058,5.581895562000227,0.0019485180000629043,"[0.0013960940000288247, 0.0013420939999377879, 0.0014062910004213336, 0.0016400479998992523, 0.0014858959998491628, 0.0013537160002670134, 0.0016376779999518476]",0.0014062910004213336,0.001374905000147919,0.0015617869999005052
halton,normal,60,2048,gpu,1,838fcdd2ce8a41ae55d13fac82f2cdedb19855912e6ceecf04e56c17c2152058,5.581895562000227,0.0005345240001588536,"[0.0002585000002000015, 0.0002907429998231237, 0.00028251200001250254, 0.0002704060002542974, 0.00025090400004046387, 0.0002634430002217414, 0.0002549310001995764]",0.0002634430002217414,0.00025671550019978895,0.00027645900013339997
halton,normal,60,8192,gpu,0,22b6e77ae99f673c076ba2eff6e185d49c42a9f76f6e2a8f0d42d698af41850e,5.696745404000012,0.0006784699999116128,"[0.0003390709998711827, 0.00036187600017001387, 0.0003577229999791598, 0.00033948400005101576, 0.00034122799979741103, 0.00034851700002036523, 0.00034353299997746944]",0.00034353299997746944,0.0003403559999242134,0.0003531199999997625
halton,normal,60,8192,cpu,1,22b6e77ae99f673c076ba2eff6e185d49c42a9f76f6e2a8f0d42d698af41850e,5.696745404000012,0.004979674999958661,"[0.0046100380000098085, 0.00456760499992015, 0.004139903000123013, 0.00452216799976668, 0.0041664310001579, 0.0040789370000311465, 0.004491928999868833]",0.004491928999868833,0.004153167000140456,0.004544886499843415
halton,normal,60,32768,cpu,0,ecfe9249ca1575c6bb918f3e6e4b7da5c8017f2c4a73665c9f89a66eaff60d8f,5.88554968399967,0.019517126000209828,"[0.01643968300004417, 0.018264261000240367, 0.01820005699983085, 0.0187947780000286, 0.01604619999989154, 0.017149197999970056, 0.018143982000310643]",0.018143982000310643,0.016794440500007113,0.018232159000035608
halton,normal,60,32768,gpu,1,ecfe9249ca1575c6bb918f3e6e4b7da5c8017f2c4a73665c9f89a66eaff60d8f,5.88554968399967,0.0008589089998167765,"[0.00045216000034997705, 0.0005171080001673545, 0.00045261200011736946, 0.0004894789999525528, 0.000463044000298396, 0.0004453360002116824, 0.0004492399998525798]",0.00045261200011736946,0.0004507000001012784,0.0004762615001254744
halton,normal,60,131072,gpu,0,1e2be128b451865694cedec84b94dc81f03a76fcc32643e78e0247aca6e02124,6.653003966000142,0.0010354490000281658,"[0.0007937319996926817, 0.0008272370000668161, 0.0008069740001701575, 0.0007894499999565596, 0.0007625610001014138, 0.0007926389998829109, 0.0007661019999432028]",0.0007926389998829109,0.0007777759999498812,0.0008003529999314196
halton,normal,60,131072,cpu,1,1e2be128b451865694cedec84b94dc81f03a76fcc32643e78e0247aca6e02124,6.653003966000142,0.07572844900005293,"[0.09008837999999741, 0.08063564499980203, 0.08055138700001407, 0.08515757099985422, 0.08650527999998303, 0.09110562399973787, 0.0871246310002789]",0.08650527999998303,0.08289660799982812,0.08860650550013816
