sequence,dimension,n,mode,scramble,implementation,backend,order,repetition_seeds,setup_seconds,first_call_seconds,samples_seconds,median_seconds,q25_seconds,q75_seconds
sobol,2,128,fresh,True,jax,cpu,0,"[3012144264, 978531320, 1784493223, 2819411886, 2111111673, 376855881, 1134159645]",0.00024736200020925025,0.5498476380000739,"[0.0001077130000339821, 9.594000016477366e-05, 8.379799987778824e-05, 6.92189998972026e-05, 7.885800005169585e-05, 6.671400001323491e-05, 6.884599997647456e-05]",7.885800005169585e-05,6.903249993683858e-05,8.986900002128095e-05
sobol,2,128,fresh,True,jax,gpu,1,"[3012144264, 978531320, 1784493223, 2819411886, 2111111673, 376855881, 1134159645]",0.004430054000067685,1.0446305290001874,"[0.00016125899992402992, 0.00016946400000961148, 0.00019095799984825135, 0.00022600400006922428, 0.00015090700003383972, 0.00022728900012225495, 0.00015369800007647427]",0.00016946400000961148,0.0001574785000002521,0.0002084809999587378
sobol,2,128,fresh,True,scipy,cpu,2,"[3012144264, 978531320, 1784493223, 2819411886, 2111111673, 376855881, 1134159645]",0.0026547840000148426,0.017323977000160085,"[0.00045268799999576004, 0.0004725090000192722, 0.00044311999999990803, 0.00044946399998480047, 0.000456762999874627, 0.00044400399997357454, 0.0004596800001763768]",0.00045268799999576004,0.0004467339999791875,0.0004582215000255019
sobol,2,512,fresh,True,jax,gpu,0,"[1415777859, 1368984083, 3106731543, 1291428474, 3117704105, 4245302522, 3001373056]",0.00026310099997317593,5.319127067999943,"[0.00018714899988481193, 0.00021572200012087706, 0.00019367899994904292, 0.00019798800008175022, 0.00016239999990830256, 0.00016063000020949403, 0.0001785670001481776]",0.00018714899988481193,0.0001704835000282401,0.00019583350001539657
sobol,2,512,fresh,True,scipy,cpu,1,"[1415777859, 1368984083, 3106731543, 1291428474, 3117704105, 4245302522, 3001373056]",0.0028728300001148455,0.001172868999901766,"[0.0004604049997851689, 0.00044427800003177254, 0.0004617229999439587, 0.0004506179998315929, 0.0004564170001231105, 0.00044765400002688693, 0.00045306399988476187]",0.00045306399988476187,0.0004491359999292399,0.0004584109999541397
sobol,2,512,fresh,True,jax,cpu,2,"[1415777859, 1368984083, 3106731543, 1291428474, 3117704105, 4245302522, 3001373056]",0.00021628900003634044,0.49779401599994344,"[0.0001314460000685358, 9.063900006367476e-05, 8.142199999383593e-05, 8.5799000089537e-05, 8.178100006261957e-05, 7.725600016783574e-05, 7.851200007280568e-05]",8.178100006261957e-05,7.99670000333208e-05,8.821900007660588e-05
sobol,2,2048,fresh,True,scipy,cpu,0,"[2511237387, 3111582417, 682745807, 3092569146, 3173946726, 505468840, 3782424963]",0.005057604000057836,0.0012370650001685135,"[0.0005143620001035742, 0.0004823010001473449, 0.0005088139998861152, 0.0004930560000957485, 0.0005048399998486275, 0.0005011869998270413, 0.0005108099999233673]",0.0005048399998486275,0.0004971214999613949,0.0005098119999047412
sobol,2,2048,fresh,True,jax,cpu,1,"[2511237387, 3111582417, 682745807, 3092569146, 3173946726, 505468840, 3782424963]",0.00023393100013890944,0.5199469629999385,"[0.0001471040000069479, 0.00020593299996107817, 0.00012351300006230304, 0.00011616500000855012, 9.734900004332303e-05, 9.78129999111843e-05, 0.00010569599999143975]",0.00011616500000855012,0.00010175449995131203,0.00013530850003462547
sobol,2,2048,fresh,True,jax,gpu,2,"[2511237387, 3111582417, 682745807, 3092569146, 3173946726, 505468840, 3782424963]",0.006020163999892247,2.2817630570000347,"[0.000205307999976867, 0.00021103900007801712, 0.00019724499998119427, 0.0002286609999373468, 0.00020045299993398658, 0.0001865470001121139, 0.0001957909998964169]",0.00020045299993398658,0.0001965179999388056,0.00020817350002744206
sobol,2,8192,fresh,True,jax,cpu,0,"[332697898, 932814764, 1145832512, 3469776947, 3265138596, 1370292082, 4099334836]",0.0030867539999235305,0.5464655650000623,"[0.0009465050000017072, 0.0004450139999789826, 0.00036859200008620974, 0.00023102099999050552, 0.00027559799991649925, 0.00027144799992129265, 0.00022928699991098256]",0.00027559799991649925,0.0002512344999558991,0.0004068030000325962
sobol,2,8192,fresh,True,jax,gpu,1,"[332697898, 932814764, 1145832512, 3469776947, 3265138596, 1370292082, 4099334836]",0.0057322930001646455,1.5397324119999212,"[0.00025125499996647704, 0.0002722480001011718, 0.0002453920001244114, 0.00024948100008259644, 0.0003228040000067267, 0.00026946399998450943, 0.00024693499995009915]",0.00025125499996647704,0.0002482080000163478,0.0002708560000428406
sobol,2,8192,fresh,True,scipy,cpu,2,"[332697898, 932814764, 1145832512, 3469776947, 3265138596, 1370292082, 4099334836]",0.0032552570000916603,0.0014993510001204413,"[0.0005400659999850177, 0.0005351240001800761, 0.0005434330000753107, 0.0005217009997977584, 0.0005448510000860551, 0.0005453230000966869, 0.000513857999976608]",0.0005400659999850177,0.0005284124999889173,0.0005441420000806829
sobol,2,32768,fresh,True,jax,gpu,0,"[3891496917, 198421564, 630301864, 4043047133, 3825668189, 1329159983, 1638198038]",0.0002268240000375954,1.2042313829999785,"[0.00028317999999671883, 0.0003004630000305042, 0.0002887449998070224, 0.00029617800009873463, 0.0003118560000530124, 0.00033499799997116497, 0.0002892429999974411]",0.00029617800009873463,0.00028899399990223174,0.0003061595000417583
sobol,2,32768,fresh,True,scipy,cpu,1,"[3891496917, 198421564, 630301864, 4043047133, 3825668189, 1329159983, 1638198038]",0.00380882800004656,0.0017971390000184329,"[0.0007364719999713998, 0.0007469669999409234, 0.000721203000011883, 0.0007338160000927019, 0.0007225029999062826, 0.0007143910002014309, 0.0007321979999233008]",0.0007321979999233008,0.0007218529999590828,0.0007351440000320508
sobol,2,32768,fresh,True,jax,cpu,2,"[3891496917, 198421564, 630301864, 4043047133, 3825668189, 1329159983, 1638198038]",0.00021987499985698378,0.5832262249998621,"[0.0005939849997957936, 0.0009553360000609246, 0.0006692310000744328, 0.0005782510002063646, 0.0005659920000198326, 0.0007002899999406509, 0.0005754390001584397]",0.0005939849997957936,0.0005768450001824021,0.0006847605000075419
sobol,2,131072,fresh,True,scipy,cpu,0,"[2104544475, 2705023265, 406731490, 4101130462, 1699945285, 710356002, 3243374518]",0.005383007000091311,0.005801239999982499,"[0.0015768140001455322, 0.0016760949999934383, 0.001562292000016896, 0.0015648480000436393, 0.0015619779999269667, 0.001592283000036332, 0.0016143539999120549]",0.0015768140001455322,0.0015635700000302677,0.0016033184999741934
sobol,2,131072,fresh,True,jax,cpu,1,"[2104544475, 2705023265, 406731490, 4101130462, 1699945285, 710356002, 3243374518]",0.0002562510001098417,0.5899390450001647,"[0.0019072079999205016, 0.0018008849999660015, 0.0016255699999874196, 0.0019773420001456543, 0.0017509730000710988, 0.00206961499998215, 0.002083671999798753]",0.0019072079999205016,0.0017759290000185501,0.002023478500063902
sobol,2,131072,fresh,True,jax,gpu,2,"[2104544475, 2705023265, 406731490, 4101130462, 1699945285, 710356002, 3243374518]",0.008438117000196144,7.133512947000099,"[0.00034114100003534986, 0.00036610699999073404, 0.0003761499999654916, 0.0003761579998808884, 0.00035709499979930115, 0.0003381730000455718, 0.0003387550000297779]",0.00035709499979930115,0.00033994800003256387,0.0003711284999781128
sobol,5,128,fresh,True,jax,cpu,0,"[3416267734, 2733271717, 688862638, 670639440, 2496218747, 3061240720, 1730857840]",0.004501560000107929,0.5138290649999817,"[0.00016172000005099108, 0.0001537529999495746, 0.0001205490000302234, 0.00010116699991158384, 0.00014467099981629872, 0.00011321600004521315, 0.00010101700013365189]",0.0001205490000302234,0.0001071914999783985,0.00014921199988293665
sobol,5,128,fresh,True,jax,gpu,1,"[3416267734, 2733271717, 688862638, 670639440, 2496218747, 3061240720, 1730857840]",0.004765718000044217,1.3467750790000537,"[0.00017454300018471258, 0.00023264400010702957, 0.00017552799999975832, 0.00026629200010575005, 0.0002030740001828235, 0.00015006600006017834, 0.00016044200015130627]",0.00017552799999975832,0.00016749250016800943,0.00021785900014492654
sobol,5,128,fresh,True,scipy,cpu,2,"[3416267734, 2733271717, 688862638, 670639440, 2496218747, 3061240720, 1730857840]",0.0032771280000361003,0.00188726500005032,"[0.0006948070001726592, 0.0006536109999615292, 0.0006819980001182557, 0.0006664219999947818, 0.0006476480000401352, 0.0006548530000145547, 0.0006750689999535098]",0.0006664219999947818,0.0006542319999880419,0.0006785335000358828
sobol,5,512,fresh,True,jax,gpu,0,"[1518203641, 868565007, 3344379884, 4018689803, 3750916643, 2038659927, 980708029]",0.00023350599985860754,1.3458632059998763,"[0.00019891700003427104, 0.00020698999992418976, 0.0001972800000658026, 0.000355175000095187, 0.0002321300000858173, 0.00019413600011830567, 0.00018641499991645105]",0.00019891700003427104,0.00019570800009205414,0.00021956000000500353
sobol,5,512,fresh,True,scipy,cpu,1,"[1518203641, 868565007, 3344379884, 4018689803, 3750916643, 2038659927, 980708029]",0.0031928460000472114,0.001777502999857461,"[0.000680270999964705, 0.0006597730000521551, 0.0006515079999189766, 0.0006799549998959264, 0.00065587900007813, 0.0006491239998922538, 0.0006622250000418717]",0.0006597730000521551,0.0006536934999985533,0.0006710899999688991
sobol,5,512,fresh,True,jax,cpu,2,"[1518203641, 868565007, 3344379884, 4018689803, 3750916643, 2038659927, 980708029]",0.00021317000005183218,0.4879426580000654,"[0.00013541799989980063, 0.00016570000002502638, 0.00014111099994806864, 0.00013069400006315846, 0.00014017200010130182, 0.0001260310000361642, 0.00013506300001608906]",0.00013541799989980063,0.00013287850003962376,0.00014064150002468523
sobol,5,2048,fresh,True,scipy,cpu,0,"[3008378437, 1648326157, 3156416155, 3002641864, 1364403773, 3234627471, 3216042209]",0.003756794000082664,0.00255318100016666,"[0.0006813579998379282, 0.0006902999998601445, 0.0006938599999557482, 0.000695322999945347, 0.000688932000002751, 0.0008269019999715965, 0.000713965000159078]",0.0006938599999557482,0.0006896159999314477,0.0007046440000522125
sobol,5,2048,fresh,True,jax,cpu,1,"[3008378437, 1648326157, 3156416155, 3002641864, 1364403773, 3234627471, 3216042209]",0.00023169900009634148,0.5487415420000161,"[0.0001878289999694971, 0.00020145799999227165, 0.0002217870001004485, 0.0002086790000248584, 0.00017840700002125232, 0.00016773199990893772, 0.00016751399994063831]",0.0001878289999694971,0.00017306949996509502,0.00020506850000856502
sobol,5,2048,fresh,True,jax,gpu,2,"[3008378437, 1648326157, 3156416155, 3002641864, 1364403773, 3234627471, 3216042209]",0.006026458999940587,1.5623372120001022,"[0.00021457100001498475, 0.0002071300000352494, 0.000192805999859047, 0.00019021000002794608, 0.00019089400007032964, 0.00021212899991951417, 0.00018706000014390156]",0.000192805999859047,0.00019055200004913786,0.00020962949997738178
sobol,5,8192,fresh,True,jax,cpu,0,"[1513062611, 3889393558, 2035318850, 867676964, 1369405895, 3467174644, 3786912183]",0.003564767999932883,0.5599420940000073,"[0.00041681199991217, 0.0004197969999495399, 0.0003747169998860045, 0.0003149570000005042, 0.00032025399991653103, 0.00032832000010785123, 0.0003261710000970197]",0.00032832000010785123,0.00032321250000677537,0.00039576449989908724
sobol,5,8192,fresh,True,jax,gpu,1,"[1513062611, 3889393558, 2035318850, 867676964, 1369405895, 3467174644, 3786912183]",0.005233714999803851,1.4578466740001659,"[0.00023423099992214702, 0.00025778300005185883, 0.00024045200007094536, 0.00024180799982786993, 0.00022752900008526922, 0.00023770999996486353, 0.00023614499991708726]",0.00023770999996486353,0.00023518799991961714,0.00024112999994940765
sobol,5,8192,fresh,True,scipy,cpu,2,"[1513062611, 3889393558, 2035318850, 867676964, 1369405895, 3467174644, 3786912183]",0.003435383000123693,0.002201796999997896,"[0.0007973619999575021, 0.0008034669999688049, 0.0007842309998977726, 0.0008030270000745077, 0.0007713439999861293, 0.0007698030001392908, 0.0007478090001313831]",0.0007842309998977726,0.0007705735000627101,0.0008001945000160049
sobol,5,32768,fresh,True,jax,gpu,0,"[1787998957, 3082754123, 4039265592, 1707306001, 833449917, 237460282, 492830380]",0.00024101599979076127,1.4242654209999728,"[0.00031381999997392995, 0.00035908999984712864, 0.00039696300018476904, 0.0004184629999599565, 0.0004076409998106101, 0.0003739359999599401, 0.000301247999914267]",0.0003739359999599401,0.0003364549999105293,0.00040230199999768956
sobol,5,32768,fresh,True,scipy,cpu,1,"[1787998957, 3082754123, 4039265592, 1707306001, 833449917, 237460282, 492830380]",0.0040093200000228535,0.003197195999973701,"[0.0011280080000233283, 0.0012451330001113092, 0.0011939669998355384, 0.0011402390000512241, 0.0011343920000399521, 0.0011169639999479841, 0.0011171310000008816]",0.0011343920000399521,0.001122569500012105,0.0011671029999433813
sobol,5,32768,fresh,True,jax,cpu,2,"[1787998957, 3082754123, 4039265592, 1707306001, 833449917, 237460282, 492830380]",0.00022428600004786858,0.6085008190000281,"[0.0007797460000347201, 0.0008095609998690634, 0.000870466999913333, 0.0008957349998581776, 0.0006983339999351301, 0.0011244349998378311, 0.0010586869998405746]",0.000870466999913333,0.0007946534999518917,0.000977210999849376
sobol,5,131072,fresh,True,scipy,cpu,0,"[1087889576, 2437443781, 1330052380, 728987073, 2139437461, 3589401356, 3304334268]",0.007161281999970015,0.009399306999966939,"[0.005135169000141104, 0.0038947759999246045, 0.002796450999994704, 0.002807994000022518, 0.0027995190000638104, 0.0028034439999373717, 0.002824782999823583]",0.002807994000022518,0.002801481500000591,0.0033597794998740937
sobol,5,131072,fresh,True,jax,cpu,1,"[1087889576, 2437443781, 1330052380, 728987073, 2139437461, 3589401356, 3304334268]",0.00022580199993171846,0.6181047109998872,"[0.0037228579999464273, 0.003351407000081963, 0.0026009359999079606, 0.0026455439999608643, 0.0027112860000215733, 0.0026674110001749796, 0.0026019780000297033]",0.0026674110001749796,0.0026237609999952838,0.003031346500051768
sobol,5,131072,fresh,True,jax,gpu,2,"[1087889576, 2437443781, 1330052380, 728987073, 2139437461, 3589401356, 3304334268]",0.006185582000171053,1.8712635389999832,"[0.00037728500001321663, 0.0003972859999521461, 0.00038446400003522285, 0.00038889699999344884, 0.0003789190000134113, 0.00038701700009369233, 0.00039731799984110694]",0.00038701700009369233,0.00038169150002431707,0.00039309149997279746
sobol,10,128,fresh,True,jax,cpu,0,"[475793453, 817416026, 4057445012, 1127459128, 4070705391, 2353693705, 2537350025]",0.0048748949998298485,0.5015761690001455,"[0.00017965999995794846, 0.00019909200000256533, 0.00017904899982568168, 0.0001628749998872081, 0.00015914200002953294, 0.00015558899985990138, 0.00015422199999193253]",0.0001628749998872081,0.00015736549994471716,0.00017935449989181507
sobol,10,128,fresh,True,jax,gpu,1,"[475793453, 817416026, 4057445012, 1127459128, 4070705391, 2353693705, 2537350025]",0.004651712999930169,1.6364987120000478,"[0.00017522600001029787, 0.00025029900007211836, 0.00017294199983552971, 0.0001569510000081209, 0.00018165900019084802, 0.00018098800001098425, 0.00017651799998930073]",0.00017651799998930073,0.0001740839999229138,0.00018132350010091614
sobol,10,128,fresh,True,scipy,cpu,2,"[475793453, 817416026, 4057445012, 1127459128, 4070705391, 2353693705, 2537350025]",0.0030428940001456795,0.002023495000003095,"[0.0010007859998495405, 0.0009882709998692008, 0.000979755999878762, 0.0009778700000424578, 0.000977463000026546, 0.0009805930001220986, 0.0009829860000536428]",0.0009805930001220986,0.0009788129999606099,0.0009856284999614218
sobol,10,512,fresh,True,jax,gpu,0,"[3160152172, 3039562287, 1595595560, 211948776, 1471592930, 4084269565, 1624824724]",0.00021883799990973785,1.590486404999865,"[0.0001656290000937588, 0.0001675789999353583, 0.0001527940000869421, 0.0002009840000027907, 0.00021019100017838355, 0.00020329199992374924, 0.0001737080001475988]",0.0001737080001475988,0.00016660400001455855,0.00020213799996326998
sobol,10,512,fresh,True,scipy,cpu,1,"[3160152172, 3039562287, 1595595560, 211948776, 1471592930, 4084269565, 1624824724]",0.0028208199998971395,0.0023416449998876487,"[0.0010046840000086377, 0.0009994109998388012, 0.0009852270000010321, 0.000988361000054283, 0.0009843919999639184, 0.0009881480000331067, 0.0010108480000781128]",0.000988361000054283,0.0009866875000170694,0.0010020474999237194
sobol,10,512,fresh,True,jax,cpu,2,"[3160152172, 3039562287, 1595595560, 211948776, 1471592930, 4084269565, 1624824724]",0.0002295399999638903,0.4995535610000843,"[0.00018547899981058436, 0.00015806999999767868, 0.00015459399992323597, 0.00015378000011878612, 0.00013901000011173892, 0.00013245500008451927, 0.00013652000006914022]",0.00015378000011878612,0.00013776500009043957,0.00015633199996045732
sobol,10,2048,fresh,True,scipy,cpu,0,"[3533327698, 2045625403, 3256368197, 3034577906, 2825406555, 1768427340, 3597183587]",0.004758458000196697,0.003200303000085114,"[0.0010279570001330285, 0.0011359760001141694, 0.0010309820002021297, 0.0010435400001824746, 0.0010344249999434396, 0.001024879999931727, 0.0010237280000637838]",0.0010309820002021297,0.0010264185000323778,0.0010389825000629571
sobol,10,2048,fresh,True,jax,cpu,1,"[3533327698, 2045625403, 3256368197, 3034577906, 2825406555, 1768427340, 3597183587]",0.00022143900014270912,0.5299924490000194,"[0.0002411980001397751, 0.0002321380000012141, 0.00024487300015607616, 0.00021700599995710945, 0.00020148900011918158, 0.00022315100000014354, 0.0002100599999721453]",0.00022315100000014354,0.00021353299996462738,0.0002366680000704946
sobol,10,2048,fresh,True,jax,gpu,2,"[3533327698, 2045625403, 3256368197, 3034577906, 2825406555, 1768427340, 3597183587]",0.006377163000024666,1.6981177670002126,"[0.00022114199987299799, 0.00025076399992940424, 0.00021131500011506432, 0.00020651299996643502, 0.00020091300007152313, 0.00020174800010863692, 0.0001953510000021197]",0.00020651299996643502,0.00020133050009008002,0.00021622849999403115
sobol,10,8192,fresh,True,jax,cpu,0,"[980504211, 1728321432, 2542795722, 3190877989, 3507217172, 2601700663, 3789280076]",0.003699948000075892,0.5966033380000226,"[0.0004697460001352738, 0.0004946220001329493, 0.00047425499997189036, 0.0004680360000293149, 0.00047463999999308726, 0.00047242699997696036, 0.0004729600000246137]",0.0004729600000246137,0.0004710865000561171,0.0004744474999824888
sobol,10,8192,fresh,True,jax,gpu,1,"[980504211, 1728321432, 2542795722, 3190877989, 3507217172, 2601700663, 3789280076]",0.005291864000128044,1.4843095349999658,"[0.000243356000055428, 0.0002529230000618554, 0.000291441000172199, 0.00032992100000228675, 0.00027149099992129777, 0.0002538290000302368, 0.00024732299993956985]",0.0002538290000302368,0.00025012300000071264,0.0002814660000467484
sobol,10,8192,fresh,True,scipy,cpu,2,"[980504211, 1728321432, 2542795722, 3190877989, 3507217172, 2601700663, 3789280076]",0.003852117999940674,0.0027063929999258107,"[0.0011636100000487204, 0.0011851550000301359, 0.001152326000010362, 0.0011577160000797448, 0.001174203999880774, 0.0011830240000563208, 0.001149954999846159]",0.0011636100000487204,0.0011550210000450534,0.0011786139999685474
sobol,10,32768,fresh,True,jax,gpu,0,"[3297795889, 2116788105, 2964948202, 513648310, 1388544230, 2609770622, 3928526469]",0.0002256039999792847,1.7362779279999359,"[0.0004115950000596058, 0.0004237709999870276, 0.00039179099985631183, 0.00039164399981928, 0.0003817209999397164, 0.00039857299998402596, 0.00039940500005286594]",0.00039857299998402596,0.0003917174998377959,0.0004055000000562359
sobol,10,32768,fresh,True,scipy,cpu,1,"[3297795889, 2116788105, 2964948202, 513648310, 1388544230, 2609770622, 3928526469]",0.003948388000026171,0.004804218999879595,"[0.001695758999858299, 0.0018392469999071182, 0.0016934119998950337, 0.0017103959999076324, 0.0016980469999907655, 0.0017151479999029107, 0.0016813039999306056]",0.0016980469999907655,0.0016945854998766663,0.0017127719999052715
sobol,10,32768,fresh,True,jax,cpu,2,"[3297795889, 2116788105, 2964948202, 513648310, 1388544230, 2609770622, 3928526469]",0.0002297060000273632,0.5983336619999591,"[0.0010676980000425829, 0.0014044470001408627, 0.0012888339999790333, 0.0010829259999809437, 0.0011662129998057935, 0.0012192240001240862, 0.0012330949998613505]",0.0012192240001240862,0.0011245694998933686,0.0012609644999201919
sobol,10,131072,fresh,True,scipy,cpu,0,"[1430314174, 3982430360, 3624453065, 3911581372, 3541994140, 2708376944, 2725833538]",0.007683707000069262,0.008892959000149858,"[0.009383986000102595, 0.007027209000170842, 0.00485377899985906, 0.004703256000084366, 0.004888081999979477, 0.004845718999831661, 0.004823458000146275]",0.00485377899985906,0.004834588499988968,0.005957645500075159
sobol,10,131072,fresh,True,jax,cpu,1,"[1430314174, 3982430360, 3624453065, 3911581372, 3541994140, 2708376944, 2725833538]",0.00023365000015473925,0.6210200049999912,"[0.0046619230001851975, 0.005190831999925649, 0.0034542749999673106, 0.0033967449999181554, 0.00660083200000372, 0.004484899000090081, 0.006170021999878372]",0.0046619230001851975,0.003969587000028696,0.005680426999902011
sobol,10,131072,fresh,True,jax,gpu,2,"[1430314174, 3982430360, 3624453065, 3911581372, 3541994140, 2708376944, 2725833538]",0.0067957050000586605,2.816354517000036,"[0.0007116019999102718, 0.0007023170001048129, 0.0007074430000102438, 0.0007011059999513236, 0.0007394620001832664, 0.0006859620000341238, 0.0006172020000576595]",0.0007023170001048129,0.0006935339999927237,0.0007095224999602578
sobol,30,128,fresh,True,jax,cpu,0,"[3880411190, 1705951321, 2936134136, 2899535922, 1927285315, 465228482, 273649871]",0.004627988999800436,0.5533262520000335,"[0.00019786699999713164, 0.00019096699998044642, 0.0001651320001201384, 0.00015594100000271283, 0.00013385200008997344, 0.00015301100006581692, 0.00016637099997751648]",0.0001651320001201384,0.00015447600003426487,0.00017866899997898145
sobol,30,128,fresh,True,jax,gpu,1,"[3880411190, 1705951321, 2936134136, 2899535922, 1927285315, 465228482, 273649871]",0.004752600000074381,1.359332712999958,"[0.00020377300006657606, 0.00021849499989912147, 0.00019641599988062808, 0.00019744499991247721, 0.0002774380000118981, 0.00020057000006090675, 0.000222122999957719]",0.00020377300006657606,0.00019900749998669198,0.00022030899992842023
sobol,30,128,fresh,True,scipy,cpu,2,"[3880411190, 1705951321, 2936134136, 2899535922, 1927285315, 465228482, 273649871]",0.003023288000122193,0.00333533000002717,"[0.002440010000100301, 0.00236849899988556, 0.002378398000018933, 0.0023708450000867742, 0.0023941970000578294, 0.0023745829998915724, 0.0023773489999712183]",0.0023773489999712183,0.0023727139999891733,0.0023862975000383813
sobol,30,512,fresh,True,jax,gpu,0,"[3139599631, 2725766529, 1656162776, 3208901659, 2950523660, 3422367474, 3143357922]",0.00022932900014893676,2.355629712999871,"[0.00021497799980352283, 0.00020362700001896883, 0.00019704000010278833, 0.0001899889998639992, 0.00019432199997027055, 0.00019721200010280882, 0.00018772199996419658]",0.00019704000010278833,0.00019215549991713488,0.00020041950006088882
sobol,30,512,fresh,True,scipy,cpu,1,"[3139599631, 2725766529, 1656162776, 3208901659, 2950523660, 3422367474, 3143357922]",0.0030832519998966745,0.0035589260000961076,"[0.0022927050001726457, 0.002298523000035857, 0.0023126830001274357, 0.0023168060001808044, 0.0022784359998695436, 0.0023072890001003543, 0.0022941400000036083]",0.002298523000035857,0.002293422500088127,0.002309986000113895
sobol,30,512,fresh,True,jax,cpu,2,"[3139599631, 2725766529, 1656162776, 3208901659, 2950523660, 3422367474, 3143357922]",0.00024991999998746905,0.5395658559998537,"[0.00026169800003117416, 0.00025128800007223617, 0.00024603600013506366, 0.00022363900006894255, 0.00024798200001896475, 0.00022758799991606793, 0.00022396800000024086]",0.00024603600013506366,0.0002257779999581544,0.00024963500004560046
sobol,30,2048,fresh,True,scipy,cpu,0,"[1080686929, 885046809, 2276339812, 3981946229, 4161594184, 1136038574, 462389619]",0.005504036999809614,0.0035802319998765597,"[0.002372319999949468, 0.002385839999988093, 0.0023614649999217363, 0.0023665349999646423, 0.0023595830000431306, 0.0023774969999976747, 0.0023962000000210537]",0.002372319999949468,0.0023639999999431893,0.002381668499992884
sobol,30,2048,fresh,True,jax,cpu,1,"[1080686929, 885046809, 2276339812, 3981946229, 4161594184, 1136038574, 462389619]",0.00023905500006549119,0.5859085390000018,"[0.00035270900002615235, 0.00034501999994063226, 0.00035045300001002033, 0.00032464600008097477, 0.00033203699990735913, 0.0003516720000789064, 0.0003384139999980107]",0.00034501999994063226,0.0003352254999526849,0.0003510625000444634
sobol,30,2048,fresh,True,jax,gpu,2,"[1080686929, 885046809, 2276339812, 3981946229, 4161594184, 1136038574, 462389619]",0.00491246499996123,1.330718331000071,"[0.0002674389997991966, 0.00029373799998211325, 0.00027929299994866597, 0.0002771749998373707, 0.0002716379999583296, 0.00026275400000486115, 0.00026418900006319745]",0.0002716379999583296,0.00026581399993119703,0.00027823399989301834
sobol,30,8192,fresh,True,jax,cpu,0,"[1611413340, 3993258213, 2765294264, 543014862, 1152912644, 3204446335, 3704038179]",0.0037017730001025484,0.5740745749999405,"[0.0009338190000107716, 0.0010311789999377652, 0.0009136240000771068, 0.0008168720000867324, 0.0007975150001584552, 0.0008692730000348092, 0.00099471899989112]",0.0009136240000771068,0.0008430725000607708,0.0009642689999509457
sobol,30,8192,fresh,True,jax,gpu,1,"[1611413340, 3993258213, 2765294264, 543014862, 1152912644, 3204446335, 3704038179]",0.006445302999964042,2.3241182100000515,"[0.00035127899991493905, 0.00030984999989414064, 0.00029572900007224234, 0.00034408999999868684, 0.0002850260000286653, 0.0002771279998796672, 0.000266925000005358]",0.00029572900007224234,0.00028107699995416624,0.00032696999994641374
sobol,30,8192,fresh,True,scipy,cpu,2,"[1611413340, 3993258213, 2765294264, 543014862, 1152912644, 3204446335, 3704038179]",0.0034959489998982463,0.0058497989998613775,"[0.002736195999887059, 0.0028002669998841156, 0.00270551600010549, 0.002719433000038407, 0.002725742000166065, 0.0027329829999871436, 0.0027054939998834016]",0.002725742000166065,0.0027124745000719486,0.002734589499937101
sobol,30,32768,fresh,True,jax,gpu,0,"[2539701973, 595695643, 3154785857, 2405556178, 2484898573, 4128546687, 3187570439]",0.00023262499985321483,2.75624007600004,"[0.00039764100006323133, 0.0004133299999011797, 0.00045357499993770034, 0.00046137300000737014, 0.00038237099988691625, 0.0004148660000282689, 0.00040394799998466624]",0.0004133299999011797,0.0004007945000239488,0.0004342204999829846
sobol,30,32768,fresh,True,scipy,cpu,1,"[2539701973, 595695643, 3154785857, 2405556178, 2484898573, 4128546687, 3187570439]",0.0037513449999551085,0.008450733000017863,"[0.004771785999992062, 0.004735597000035341, 0.004748736000010467, 0.004718632999811234, 0.0046804749999864725, 0.004698231000020314, 0.0047204959998907725]",0.0047204959998907725,0.004708431999915774,0.004742166500022904
sobol,30,32768,fresh,True,jax,cpu,2,"[2539701973, 595695643, 3154785857, 2405556178, 2484898573, 4128546687, 3187570439]",0.00026819299978342315,0.6301111239999955,"[0.002405641999985164, 0.0022363970001606504, 0.0022612029999891092, 0.002767845000107627, 0.002382951999834404, 0.0019150010000430484, 0.003976918999796908]",0.002382951999834404,0.00224880000007488,0.0025867435000463956
sobol,30,131072,fresh,True,scipy,cpu,0,"[2412217241, 3375490966, 3228085828, 237413427, 2355817224, 2219906863, 3821097755]",0.006502907000140112,0.0254455169999801,"[0.023425555999892822, 0.01884186999996018, 0.01342528999998649, 0.01308435000009922, 0.013110362000134046, 0.012978715000144803, 0.01301068599991595]",0.013110362000134046,0.013047518000007585,0.016133579999973335
sobol,30,131072,fresh,True,jax,cpu,1,"[2412217241, 3375490966, 3228085828, 237413427, 2355817224, 2219906863, 3821097755]",0.0002827700000125333,0.7459834269998282,"[0.02484407299994018, 0.021445464999942487, 0.02236476699999912, 0.023956042999998317, 0.02028660700011642, 0.024081629999955112, 0.023622041999942667]",0.023622041999942667,0.021905115999970803,0.024018836499976715
sobol,30,131072,fresh,True,jax,gpu,2,"[2412217241, 3375490966, 3228085828, 237413427, 2355817224, 2219906863, 3821097755]",0.005983109999988301,1.811919140999862,"[0.00047806500015212805, 0.0005353349999950296, 0.0005001679999168118, 0.0005181889998766565, 0.000564940000003844, 0.0005366770001273835, 0.000503421999837883]",0.0005181889998766565,0.0005017949998773474,0.0005360060000612066
sobol,60,128,fresh,True,jax,cpu,0,"[1435798803, 123631634, 401477532, 2830389294, 3486143785, 2006644207, 53565210]",0.005177586000172596,0.5321918360000382,"[0.0003555620000952331, 0.00038088799988145183, 0.00030212800015760877, 0.00031867799998508417, 0.0003743269999176846, 0.0003374289999555913, 0.00033351299998685136]",0.0003374289999555913,0.00032609549998596776,0.00036494450000645884
sobol,60,128,fresh,True,jax,gpu,1,"[1435798803, 123631634, 401477532, 2830389294, 3486143785, 2006644207, 53565210]",0.00401555799999187,1.591051903000107,"[0.000172120999877734, 0.0001947939999809023, 0.00020768199988197011, 0.00019492299998091767, 0.00018708699985836574, 0.0002571420000094804, 0.00022200599983079883]",0.00019492299998091767,0.00019094049991963402,0.00021484399985638447
sobol,60,128,fresh,True,scipy,cpu,2,"[1435798803, 123631634, 401477532, 2830389294, 3486143785, 2006644207, 53565210]",0.0027145090000431082,0.00540503299998818,"[0.004176063999921098, 0.0041377350000857405, 0.004144267999890872, 0.004134198999963701, 0.0041568110000298475, 0.004149725999923248, 0.004157396999971752]",0.004149725999923248,0.004141001499988306,0.0041571040000008
sobol,60,512,fresh,True,jax,gpu,0,"[806133955, 3211348397, 2569641124, 2826065008, 717259083, 1363123762, 1108077240]",0.00022363899984156888,2.3150736939999206,"[0.00022415500006900402, 0.0001823449999847071, 0.00018225000007987546, 0.00019340599988026952, 0.00019094399999630696, 0.0001836839999214135, 0.0001747070000419626]",0.0001836839999214135,0.00018229750003229128,0.00019217499993828824
sobol,60,512,fresh,True,scipy,cpu,1,"[806133955, 3211348397, 2569641124, 2826065008, 717259083, 1363123762, 1108077240]",0.003364219999866691,0.005628729999898496,"[0.004202521000024717, 0.004210193999824696, 0.0041981669999131555, 0.004187716999922486, 0.004197001999955319, 0.0042213169999740785, 0.004218249000132346]",0.004202521000024717,0.004197584499934237,0.004214221499978521
sobol,60,512,fresh,True,jax,cpu,2,"[806133955, 3211348397, 2569641124, 2826065008, 717259083, 1363123762, 1108077240]",0.0002221859999735898,0.5186457390000214,"[0.0004082959999323066, 0.00039823500014790625, 0.0004281599999558239, 0.0003741370001080213, 0.000322750000123051, 0.00032843700000739773, 0.0003387470001143811]",0.0003741370001080213,0.0003335920000608894,0.0004032655000401064
sobol,60,2048,fresh,True,scipy,cpu,0,"[2863833294, 3413625225, 21384031, 155343043, 753014721, 3025084343, 2800978136]",0.004927681000026496,0.006424942999956329,"[0.0043796609998025815, 0.0043747009999606234, 0.004346058000010089, 0.004357935999905749, 0.004361065000011877, 0.004327622000118936, 0.0043543790000057925]",0.004357935999905749,0.004350218500007941,0.00436788299998625
sobol,60,2048,fresh,True,jax,cpu,1,"[2863833294, 3413625225, 21384031, 155343043, 753014721, 3025084343, 2800978136]",0.00021334500002012646,0.5243321710001965,"[0.000795923999930892, 0.0007694690000334958, 0.000768977999996423, 0.000737664000098448, 0.0007585719999951834, 0.0007634889998371364, 0.0007702509999489848]",0.000768977999996423,0.0007610304999161599,0.0007698599999912403
sobol,60,2048,fresh,True,jax,gpu,2,"[2863833294, 3413625225, 21384031, 155343043, 753014721, 3025084343, 2800978136]",0.005636055999957534,1.7728856189999078,"[0.00025374799997734954, 0.00033921500016731443, 0.0002917240001352184, 0.0003302080001503782, 0.00029373699999268865, 0.00023535100012850307, 0.000224434000074325]",0.0002917240001352184,0.0002445495000529263,0.00031197250007153343
sobol,60,8192,fresh,True,jax,cpu,0,"[2833432092, 186901531, 3274627749, 2259306121, 3753235056, 411279733, 712813665]",0.0037529580001773866,0.5807650880001347,"[0.001585526999861031, 0.0014483869999821763, 0.0015356469998550892, 0.001183454000056372, 0.0013531179999972665, 0.0014502890001040214, 0.0014935839999452583]",0.0014502890001040214,0.0014007524999897214,0.0015146154999001737
sobol,60,8192,fresh,True,jax,gpu,1,"[2833432092, 186901531, 3274627749, 2259306121, 3753235056, 411279733, 712813665]",0.005880281999907311,1.9066574219998529,"[0.00026364000018475053, 0.0002875500001664477, 0.00026158900004702446, 0.00044582200007425854, 0.0002710329999899841, 0.00026542599994172633, 0.0002581410001312179]",0.00026542599994172633,0.0002626145001158875,0.0002792915000782159
sobol,60,8192,fresh,True,scipy,cpu,2,"[2833432092, 186901531, 3274627749, 2259306121, 3753235056, 411279733, 712813665]",0.003974589999870659,0.010217424999837021,"[0.005364224999993894, 0.005445277000035276, 0.005481162000023687, 0.005425200999980007, 0.005412943000010273, 0.005390752999801407, 0.005358788999956232]",0.005412943000010273,0.0053774889998976505,0.005435239000007641
sobol,60,32768,fresh,True,jax,gpu,0,"[2356801226, 2230583528, 2242112422, 2305183155, 3151453048, 970417522, 4146694590]",0.00022093299980951997,3.390533732999984,"[0.0005871229998319905, 0.0006131420000201615, 0.0005970100000922685, 0.0005885030000172264, 0.0005732580000312737, 0.0005758929999046813, 0.0005677809999724559]",0.0005871229998319905,0.0005745754999679775,0.0005927565000547474
sobol,60,32768,fresh,True,scipy,cpu,1,"[2356801226, 2230583528, 2242112422, 2305183155, 3151453048, 970417522, 4146694590]",0.004752296999868122,0.01710006999996949,"[0.009677120000105788, 0.009511297000017294, 0.009670149999919886, 0.009609879999970872, 0.009807460999809336, 0.00981226599992624, 0.009998303999964264]",0.009677120000105788,0.009640014999945379,0.009809863499867788
sobol,60,32768,fresh,True,jax,cpu,2,"[2356801226, 2230583528, 2242112422, 2305183155, 3151453048, 970417522, 4146694590]",0.0002430250001452805,0.6471064639999895,"[0.007619470999998157, 0.004940535000059754, 0.006687093999971694, 0.007205863000081081, 0.007594461999815394, 0.005369733999941673, 0.00435324899990519]",0.006687093999971694,0.005155134500000713,0.007400162499948237
sobol,60,131072,fresh,True,scipy,cpu,0,"[3732368897, 3880923590, 2283119320, 760725930, 1268329114, 3604405552, 2019830783]",0.006617888000164385,0.04724437699996997,"[0.044460492000098384, 0.04425407199983056, 0.0444244919999619, 0.04456017899997278, 0.044480889999931605, 0.04422400099997503, 0.04434800700005326]",0.0444244919999619,0.04430103949994191,0.044470691000014995
sobol,60,131072,fresh,True,jax,cpu,1,"[3732368897, 3880923590, 2283119320, 760725930, 1268329114, 3604405552, 2019830783]",0.00023699300004409452,0.6695203879999099,"[0.053668293999862726, 0.04860089700014214, 0.044410529000060706, 0.04707655300012448, 0.05051526200008993, 0.04681565500004581, 0.046451151999917784]",0.04707655300012448,0.046633403499981796,0.04955807950011604
sobol,60,131072,fresh,True,jax,gpu,2,"[3732368897, 3880923590, 2283119320, 760725930, 1268329114, 3604405552, 2019830783]",0.006853460000002087,4.346212564000098,"[0.001455146999887802, 0.0014356860001498717, 0.001439553000182059, 0.0014296279998688988, 0.001430755000001227, 0.001421764000042458, 0.001409302000183743]",0.001430755000001227,0.0014256959999556784,0.0014376195001659653
halton,2,128,fresh,True,jax,cpu,0,"[2161385192, 1767340933, 3925183332, 1275058358, 3987206112, 3051566107, 845955555]",0.006061869999939518,0.6466368270000658,"[0.00020035900001857954, 0.00018010400003731775, 0.0001664660001097218, 0.00016006600003493077, 0.00018113300006916688, 0.00015741099991828378, 0.0001705709998987004]",0.0001705709998987004,0.00016326600007232628,0.00018061850005324231
halton,2,128,fresh,True,jax,gpu,1,"[2161385192, 1767340933, 3925183332, 1275058358, 3987206112, 3051566107, 845955555]",0.00495427999999265,1.2296574209999562,"[0.0016718580000087968, 0.0017088910001348268, 0.0016596159998698568, 0.0016627190000235714, 0.0016585169998961646, 0.0016622379998807446, 0.0016953619999640068]",0.0016627190000235714,0.0016609269998753007,0.0016836099999864018
halton,2,128,fresh,True,scipy,cpu,2,"[2161385192, 1767340933, 3925183332, 1275058358, 3987206112, 3051566107, 845955555]",0.006094969000059791,0.0014466869999978371,"[0.0005685609999090957, 0.0005699129999356956, 0.00055770299991309, 0.0005610400000932714, 0.0005562119999922288, 0.00055949700004021, 0.0005693799998880422]",0.0005610400000932714,0.00055859999997665,0.000568970499898569
halton,2,512,fresh,True,jax,gpu,0,"[2942102815, 2244911671, 171021545, 451315254, 4017234364, 1513576390, 1989980074]",0.0002399420000074315,1.1742177920000358,"[0.0016160929999387008, 0.0015966359999310953, 0.0016575520000969846, 0.0015889750000042113, 0.001592586000015217, 0.001593661000015345, 0.0015789560000030178]",0.001593661000015345,0.0015907805000097142,0.001606364499934898
halton,2,512,fresh,True,scipy,cpu,1,"[2942102815, 2244911671, 171021545, 451315254, 4017234364, 1513576390, 1989980074]",0.006059921000087343,0.0018214050001006399,"[0.0010425890000078653, 0.0010423389999232313, 0.0010459740001351747, 0.0010323189999326132, 0.001032418000022517, 0.0010281280001436244, 0.0010293149998688023]",0.001032418000022517,0.0010308169999007077,0.0010424639999655483
halton,2,512,fresh,True,jax,cpu,2,"[2942102815, 2244911671, 171021545, 451315254, 4017234364, 1513576390, 1989980074]",0.00023076000002220098,0.6263788250000744,"[0.0002509430000827706, 0.0002904959999341372, 0.0002676649999102665, 0.00023413700000673998, 0.00020371200002955447, 0.00022244100000534672, 0.00020952300019416725]",0.00023413700000673998,0.000215982000099757,0.00025930399999651854
halton,2,2048,fresh,True,scipy,cpu,0,"[3819927873, 789458859, 1151565608, 3794880066, 3713971604, 3586037744, 193146961]",0.005719565000163129,0.0054345670000657265,"[0.0029363239998474455, 0.002915071999950669, 0.002934183999968809, 0.002937142999826392, 0.0029151860001093155, 0.0029010799999014125, 0.0028921429998263193]",0.0029151860001093155,0.002908075999926041,0.0029352539999081273
halton,2,2048,fresh,True,jax,cpu,1,"[3819927873, 789458859, 1151565608, 3794880066, 3713971604, 3586037744, 193146961]",0.00023168300003817421,0.6340601409999636,"[0.00046026300015000743, 0.0004548640001758031, 0.00045053300004838093, 0.00040150400013772014, 0.0004172870001184492, 0.00040190599997913523, 0.000411224000117727]",0.0004172870001184492,0.0004065650000484311,0.000452698500112092
halton,2,2048,fresh,True,jax,gpu,2,"[3819927873, 789458859, 1151565608, 3794880066, 3713971604, 3586037744, 193146961]",0.005964771999970253,1.159668075000127,"[0.0015949569999520463, 0.0016010009999263275, 0.0016003140001430438, 0.0016039399999954185, 0.0016042990000642021, 0.0015971739999258716, 0.0015675480001391406]",0.0016003140001430438,0.001596065499938959,0.001602470499960873
halton,2,8192,fresh,True,jax,cpu,0,"[3588120924, 1371161455, 505141399, 153464569, 1805983875, 1184740143, 4183745792]",0.006025361999945744,0.6295490280001559,"[0.0011090399998465728, 0.00113422399999763, 0.001087435000044934, 0.0011108410001270386, 0.001099100999908842, 0.0011254529999860097, 0.001115720999905534]",0.0011108410001270386,0.0011040704998777073,0.0011205869999457718
halton,2,8192,fresh,True,jax,gpu,1,"[3588120924, 1371161455, 505141399, 153464569, 1805983875, 1184740143, 4183745792]",0.007222894000051383,1.141000976999976,"[0.0016364279999834253, 0.0015920509999887145, 0.0015934560001369391, 0.0015937299999677634, 0.0015874769999300042, 0.0016177659999812022, 0.001594846999978472]",0.0015937299999677634,0.0015927535000628268,0.001606306499979837
halton,2,8192,fresh,True,scipy,cpu,2,"[3588120924, 1371161455, 505141399, 153464569, 1805983875, 1184740143, 4183745792]",0.005487094000045545,0.011553430000049048,"[0.010337671999877784, 0.010356492000028084, 0.010341169999946942, 0.010366703000045163, 0.010345939999979237, 0.010349657000006118, 0.010340052999936233]",0.010345939999979237,0.010340611499941588,0.010353074500017101
halton,2,32768,fresh,True,jax,gpu,0,"[2236213865, 3183397200, 2187852322, 359731012, 3638370966, 2012442454, 3537677039]",0.0002316929999324202,1.1461930800001028,"[0.0016584380000495003, 0.0016177570000763808, 0.0016060580001067137, 0.0015829950000352255, 0.001584619999903225, 0.0015943880000577337, 0.0015684289999171597]",0.0015943880000577337,0.0015838074999692253,0.0016119075000915473
halton,2,32768,fresh,True,scipy,cpu,1,"[2236213865, 3183397200, 2187852322, 359731012, 3638370966, 2012442454, 3537677039]",0.006083133999936763,0.041410162000147466,"[0.04064451499993993, 0.04049910000003365, 0.04062812200004373, 0.04034625799999958, 0.040424562999987756, 0.04037999399997716, 0.04026124299980438]",0.040424562999987756,0.04036312599998837,0.04056361100003869
halton,2,32768,fresh,True,jax,cpu,2,"[2236213865, 3183397200, 2187852322, 359731012, 3638370966, 2012442454, 3537677039]",0.0002473350000400387,0.6009584999999333,"[0.005310286999929303, 0.004894812999964415, 0.0042357219999757945, 0.005299505000039062, 0.005255841000007422, 0.004427099999929851, 0.0053584009999667614]",0.005255841000007422,0.004660956499947133,0.005304895999984183
halton,2,131072,fresh,True,scipy,cpu,0,"[367438123, 3060686266, 2445759272, 1400380302, 267457112, 455481869, 2995412507]",0.007528524999997899,0.16079540700002326,"[0.1598364290000518, 0.15997015199991438, 0.15973145499992825, 0.15961313499997232, 0.16011646500010102, 0.1605273960001341, 0.16029294200006916]",0.15997015199991438,0.15978394199999002,0.1602047035000851
halton,2,131072,fresh,True,jax,cpu,1,"[367438123, 3060686266, 2445759272, 1400380302, 267457112, 455481869, 2995412507]",0.0002469139999448089,0.6110459239998818,"[0.014185642000029475, 0.012822529999994003, 0.014984799000103521, 0.014777408999862018, 0.014443356999890966, 0.012491296999996848, 0.0147784739999679]",0.014443356999890966,0.013504086000011739,0.01477794149991496
halton,2,131072,fresh,True,jax,gpu,2,"[367438123, 3060686266, 2445759272, 1400380302, 267457112, 455481869, 2995412507]",0.0076741259999835165,1.1618480470001487,"[0.0016910550000375224, 0.0017073550000077375, 0.0016298040000037872, 0.0016077880000011646, 0.001586493999866434, 0.0016429520001111086, 0.0016375870000047144]",0.0016375870000047144,0.001618796000002476,0.0016670035000743155
halton,5,128,fresh,True,jax,cpu,0,"[1835034240, 3340951900, 3577394031, 221443255, 2292231403, 3824260429, 1742430456]",0.006235685000092417,1.5117881149999448,"[0.00045245100000101957, 0.00045898799999122275, 0.0003997440001057839, 0.00041783999995459453, 0.0003992669999206555, 0.00038769199977650715, 0.00036892699995405565]",0.0003997440001057839,0.0003934794998485813,0.00043514549997780705
halton,5,128,fresh,True,jax,gpu,1,"[1835034240, 3340951900, 3577394031, 221443255, 2292231403, 3824260429, 1742430456]",0.01582837700016171,2.63516174099982,"[0.0025015080000230228, 0.002576187999920876, 0.00258530500013876, 0.002581118000080096, 0.0025721790000261535, 0.002567369999951552, 0.0026001999999607506]",0.002576187999920876,0.0025697744999888528,0.002583211500109428
halton,5,128,fresh,True,scipy,cpu,2,"[1835034240, 3340951900, 3577394031, 221443255, 2292231403, 3824260429, 1742430456]",0.013635640000075,0.002118753000104334,"[0.0011475950000203738, 0.0008434940000370261, 0.0008004139999684412, 0.0008271409999451862, 0.0007944769999994605, 0.0008048249999319523, 0.000802518999989843]",0.0008048249999319523,0.0008014664999791421,0.0008353174999911062
halton,5,512,fresh,True,jax,gpu,0,"[1443491669, 1732025986, 2220753113, 53982560, 1840330936, 2293071121, 969259828]",0.00021556199999395176,2.5823279080000248,"[0.002596471000060774, 0.0026403570000184118, 0.0026044029998502083, 0.0026212969999050983, 0.002688540000008288, 0.0026734519999536133, 0.002627201999985118]",0.002627201999985118,0.0026128499998776533,0.0026569044999860125
halton,5,512,fresh,True,scipy,cpu,1,"[1443491669, 1732025986, 2220753113, 53982560, 1840330936, 2293071121, 969259828]",0.013999818999991476,0.003945266000073389,"[0.001574022000113473, 0.001576654000018607, 0.0015718469999228546, 0.0015632219999588415, 0.0015815360000033252, 0.0015740520000235847, 0.0015827469999294408]",0.0015740520000235847,0.0015729345000181638,0.001579095000010966
halton,5,512,fresh,True,jax,cpu,2,"[1443491669, 1732025986, 2220753113, 53982560, 1840330936, 2293071121, 969259828]",0.0002287069999056257,1.3669905890001246,"[0.0005109470000661531, 0.0004737859999295324, 0.00042855900005633885, 0.0004915649999475136, 0.00047841499986134295, 0.0004793769999196229, 0.000511067999923398]",0.0004793769999196229,0.0004761004998954377,0.0005012560000068333
halton,5,2048,fresh,True,scipy,cpu,0,"[1124076763, 745524215, 4059357965, 2582124518, 2439227164, 3599762633, 3222492708]",0.015698920999966504,0.008048072000065076,"[0.004688385000008566, 0.004693874999929903, 0.004651986999988367, 0.0046368250000341504, 0.0046704740000222955, 0.004650791000130994, 0.004659954000089783]",0.004659954000089783,0.00465138900005968,0.004679429500015431
halton,5,2048,fresh,True,jax,cpu,1,"[1124076763, 745524215, 4059357965, 2582124518, 2439227164, 3599762633, 3222492708]",0.00023399199994855735,1.4771145469999283,"[0.0008426130000316334, 0.0008712540000033187, 0.0007857779999085324, 0.0007894359998772416, 0.0008152569998856052, 0.0008664259999022761, 0.0008314370002153737]",0.0008314370002153737,0.0008023464998814234,0.0008545194999669548
halton,5,2048,fresh,True,jax,gpu,2,"[1124076763, 745524215, 4059357965, 2582124518, 2439227164, 3599762633, 3222492708]",0.015900937999958842,2.643529982000018,"[0.002568969000094512, 0.002593175999891173, 0.0025661810000201513, 0.0025824090000696742, 0.002609658999972453, 0.002618473999973503, 0.002638167999975849]",0.002593175999891173,0.002575689000082093,0.002614066499972978
halton,5,8192,fresh,True,jax,cpu,0,"[2846830140, 2221420929, 1917218904, 1259564189, 464011676, 637673859, 483707608]",0.014559232000010525,1.4821635569999216,"[0.0021266680000735505, 0.002139404999979888, 0.0021754879999207333, 0.002075504999993427, 0.002059423999980936, 0.0021335200001431076, 0.0021776969999791618]",0.0021335200001431076,0.002101086500033489,0.0021574464999503107
halton,5,8192,fresh,True,jax,gpu,1,"[2846830140, 2221420929, 1917218904, 1259564189, 464011676, 637673859, 483707608]",0.017051377999905526,2.6364097099999526,"[0.0025968080001348426, 0.0026152539999202418, 0.0025733289999152476, 0.0025529950000873214, 0.0025561239999660756, 0.0025642850000622275, 0.0024919219999901543]",0.0025642850000622275,0.0025545595000266985,0.002585068500025045
halton,5,8192,fresh,True,scipy,cpu,2,"[2846830140, 2221420929, 1917218904, 1259564189, 464011676, 637673859, 483707608]",0.014078278999932081,0.019558385999971506,"[0.01691173299991533, 0.01701673899992784, 0.017117809000183115, 0.01703368399989813, 0.017029047000050923, 0.016942624999956024, 0.016962028999842005]",0.01701673899992784,0.016952326999899014,0.017031365499974527
halton,5,32768,fresh,True,jax,gpu,0,"[949568388, 416818471, 589027531, 3772654486, 2563817834, 1725413544, 2517648658]",0.00023797300013939093,2.6079133260000162,"[0.0026293969999642286, 0.002651109999987966, 0.0025269600000683567, 0.00258563000011236, 0.00256847600007859, 0.0025608309999824996, 0.0025426310000966623]",0.00256847600007859,0.002551731000039581,0.0026075135000382943
halton,5,32768,fresh,True,scipy,cpu,1,"[949568388, 416818471, 589027531, 3772654486, 2563817834, 1725413544, 2517648658]",0.01521423600001981,0.06892872899993563,"[0.06613331699986702, 0.0661584069998753, 0.06606503200009683, 0.0661873439998999, 0.06619374899992181, 0.0661513580000701, 0.06638757900009296]",0.0661584069998753,0.06614233749996856,0.06619054649991085
halton,5,32768,fresh,True,jax,cpu,2,"[949568388, 416818471, 589027531, 3772654486, 2563817834, 1725413544, 2517648658]",0.0002374989999225363,1.4975849790000666,"[0.0072147030000451196, 0.009129017999839562, 0.007103149000158737, 0.009366746000068815, 0.008711230000017167, 0.007568148000018482, 0.00753386400015188]",0.007568148000018482,0.0073742835000985,0.008920123999928364
halton,5,131072,fresh,True,scipy,cpu,0,"[1095064362, 634755448, 2282105522, 2181588748, 1539927011, 1397386631, 91032303]",0.015222256000015477,0.26616433100002723,"[0.26312210600008257, 0.2632009609999386, 0.2633445420001408, 0.2644949569998971, 0.2642260149998492, 0.26415430699989884, 0.2644491989999551]",0.26415430699989884,0.2632727515000397,0.26433760699990216
halton,5,131072,fresh,True,jax,cpu,1,"[1095064362, 634755448, 2282105522, 2181588748, 1539927011, 1397386631, 91032303]",0.0002492959999926825,1.4383249540001088,"[0.026075973999923008, 0.02238832300008653, 0.02549005799983206, 0.023870026999929905, 0.024777399999948102, 0.025391518999867912, 0.02233672000011211]",0.024777399999948102,0.023129175000008217,0.025440788499849987
halton,5,131072,fresh,True,jax,gpu,2,"[1095064362, 634755448, 2282105522, 2181588748, 1539927011, 1397386631, 91032303]",0.014351590000160286,2.595964250999941,"[0.0025065339998491254, 0.0025707820000206993, 0.0025881379999646015, 0.0025987139999870124, 0.002589976000081151, 0.002516777999971964, 0.0025275649998093286]",0.0025707820000206993,0.0025221714998906464,0.0025890570000228763
halton,10,128,fresh,True,jax,cpu,0,"[1844346268, 2928634071, 2078525940, 2457192850, 1276218828, 2451981060, 1323319589]",0.014669957000023714,2.5738229709997995,"[0.0007286150000709313, 0.0007806610001352965, 0.0007579559999157937, 0.0006673469999896042, 0.0007325130000026547, 0.0007125699999050994, 0.0006822370000918454]",0.0007286150000709313,0.0006974034999984724,0.0007452344999592242
halton,10,128,fresh,True,jax,gpu,1,"[1844346268, 2928634071, 2078525940, 2457192850, 1276218828, 2451981060, 1323319589]",0.03223483500005386,5.4977207630001885,"[0.00376356499987196, 0.003738653999789676, 0.0037631119998877693, 0.0037337359999582986, 0.0037169280001307925, 0.0038127620000523166, 0.0037518669998917176]",0.0037518669998917176,0.0037361949998739874,0.0037633384998798647
halton,10,128,fresh,True,scipy,cpu,2,"[1844346268, 2928634071, 2078525940, 2457192850, 1276218828, 2451981060, 1323319589]",0.031219650000139154,0.004019811000034679,"[0.0011149469999054418, 0.00109260399995037, 0.0010996230000728247, 0.0010925530000349681, 0.001089513000124498, 0.0010879710000608611, 0.0010999510000146984]",0.00109260399995037,0.001091033000079733,0.0010997870000437615
halton,10,512,fresh,True,jax,gpu,0,"[4102072589, 2675326786, 1358465730, 2105632083, 2713634391, 638964314, 1091430860]",0.00024081299989120453,5.31628020800008,"[0.0036833760000263283, 0.00383965400010311, 0.0038393859999814595, 0.00384019500006616, 0.0037198969998826215, 0.0036959010001282877, 0.004131942999947569]",0.0038393859999814595,0.0037078990000054546,0.003839924500084635
halton,10,512,fresh,True,scipy,cpu,1,"[4102072589, 2675326786, 1358465730, 2105632083, 2713634391, 638964314, 1091430860]",0.03063958300003833,0.007634512000095128,"[0.002309075000084704, 0.002225587000111773, 0.002210123000168096, 0.0021996289999606233, 0.0022151379998831544, 0.002226414000006116, 0.002205034000098749]",0.0022151379998831544,0.0022075785001334225,0.0022260005000589445
halton,10,512,fresh,True,jax,cpu,2,"[4102072589, 2675326786, 1358465730, 2105632083, 2713634391, 638964314, 1091430860]",0.00023947899990162114,2.544660717999932,"[0.0008907080000426504, 0.0009422770001492609, 0.0009266810000099213, 0.0009794340001008095, 0.0008310069999879488, 0.0009029949999330711, 0.0008799420002105762]",0.0009029949999330711,0.0008853250001266133,0.0009344790000795911
halton,10,2048,fresh,True,scipy,cpu,0,"[2754461708, 2464691603, 3112703460, 1403058588, 315343373, 3453645929, 2460689429]",0.03318273100012448,0.010477594999883877,"[0.006546452000065983, 0.006518841000115572, 0.006497715000023163, 0.006546294999907332, 0.0065553480001199205, 0.00657040600003711, 0.006550444000140487]",0.006546452000065983,0.006532568000011452,0.006552896000130204
halton,10,2048,fresh,True,jax,cpu,1,"[2754461708, 2464691603, 3112703460, 1403058588, 315343373, 3453645929, 2460689429]",0.000244421999923361,2.488498163000031,"[0.00133116400002109, 0.0013953489999494195, 0.0014169769999625714, 0.0013987320000978798, 0.0014162330000999646, 0.0014053169998078374, 0.0014066409999031748]",0.0014053169998078374,0.0013970405000236497,0.0014114370000015697
halton,10,2048,fresh,True,jax,gpu,2,"[2754461708, 2464691603, 3112703460, 1403058588, 315343373, 3453645929, 2460689429]",0.03519431299991993,5.406089411000039,"[0.00360596199993779, 0.003622914000061428, 0.00366817600001923, 0.003632498000115447, 0.003560864999826663, 0.003537641999855623, 0.003756366000061462]",0.003622914000061428,0.0035834134998822265,0.0036503370000673385
halton,10,8192,fresh,True,jax,cpu,0,"[3229458568, 861526787, 2194127308, 2958415229, 888262176, 3668807174, 4198566648]",0.03164985700004763,2.582477182000048,"[0.0034706740000274294, 0.0034008989998710604, 0.003515727000149127, 0.0034046910000142816, 0.0031241819999650033, 0.0033244210001157626, 0.003377847999900041]",0.0034008989998710604,0.003351134500007902,0.0034376825000208555
halton,10,8192,fresh,True,jax,gpu,1,"[3229458568, 861526787, 2194127308, 2958415229, 888262176, 3668807174, 4198566648]",0.035061772999824825,5.463848856999903,"[0.0035806670000511076, 0.0036139559999810444, 0.0036012929999742482, 0.003626123000003645, 0.003613162999954511, 0.0036584619999757706, 0.0035756160000346426]",0.003613162999954511,0.003590980000012678,0.0036200394999923446
halton,10,8192,fresh,True,scipy,cpu,2,"[3229458568, 861526787, 2194127308, 2958415229, 888262176, 3668807174, 4198566648]",0.03280403500002649,0.030034109000098397,"[0.023881156000015835, 0.023908969000103752, 0.023861169999918275, 0.023867490999919028, 0.023982230000001437, 0.023911609000151657, 0.023884752999947523]",0.023884752999947523,0.02387432349996743,0.023910289000127705
halton,10,32768,fresh,True,jax,gpu,0,"[3421025829, 2513559045, 3377855318, 1745551929, 2848829156, 562594791, 2891575112]",0.0002330750000965054,5.435353142000167,"[0.0036304969999036985, 0.003601124999931926, 0.003673036000236607, 0.0035955930002273817, 0.0036207269999977143, 0.003576411999802076, 0.003595336999751453]",0.003601124999931926,0.0035954649999894173,0.0036256119999507064
halton,10,32768,fresh,True,scipy,cpu,1,"[3421025829, 2513559045, 3377855318, 1745551929, 2848829156, 562594791, 2891575112]",0.03150905100028467,0.09979454800031817,"[0.09368386999994982, 0.0937068889998045, 0.0938150079996376, 0.09365735499977745, 0.09390460200029338, 0.09400354599983984, 0.09388594800020655]",0.0938150079996376,0.09369537949987716,0.09389527500024997
halton,10,32768,fresh,True,jax,cpu,2,"[3421025829, 2513559045, 3377855318, 1745551929, 2848829156, 562594791, 2891575112]",0.00024425600031463546,2.4375401369998144,"[0.010546710999733477, 0.011339011000018218, 0.011213566000151332, 0.011409614999593032, 0.014159347000259004, 0.01366356500011534, 0.01381662799985861]",0.011409614999593032,0.011276288500084775,0.013740096499986976
halton,10,131072,fresh,True,scipy,cpu,0,"[2844780769, 576580509, 2637462757, 2688224370, 1840418393, 1592368487, 945038679]",0.033478740000191465,0.3783689110000523,"[0.37261948800005484, 0.37265292600022804, 0.37266195700021854, 0.3729546639997352, 0.37295535399971413, 0.3727904609995676, 0.3734625789998063]",0.3727904609995676,0.3726574415002233,0.37295500899972467
halton,10,131072,fresh,True,jax,cpu,1,"[2844780769, 576580509, 2637462757, 2688224370, 1840418393, 1592368487, 945038679]",0.0002391650000390655,2.5332522509997943,"[0.031929624999975204, 0.03266131500004121, 0.03266858000006323, 0.038522716999978, 0.03491496700007701, 0.03176195900005041, 0.0362458169997808]",0.03266858000006323,0.03229547000000821,0.035580391999928906
halton,10,131072,fresh,True,jax,gpu,2,"[2844780769, 576580509, 2637462757, 2688224370, 1840418393, 1592368487, 945038679]",0.03250522300004377,5.429638262000026,"[0.003571627999917837, 0.0035830180004268186, 0.0036567389997799182, 0.0036412019999261247, 0.0035581229999479547, 0.0036024510000061127, 0.003616254000007757]",0.0036024510000061127,0.0035773230001723277,0.003628727999966941
halton,30,128,fresh,True,jax,cpu,0,"[1694089052, 298215738, 3910686991, 609271223, 1561130469, 2498984312, 968229911]",0.0313464859996202,6.5278855810001915,"[0.0027191199997105286, 0.0027206919999116508, 0.0027716239997062075, 0.0027152080001542345, 0.0026490579998608155, 0.0026759090001178265, 0.00268095399997037]",0.0027152080001542345,0.0026784315000440984,0.0027199059998110897
halton,30,128,fresh,True,jax,gpu,1,"[1694089052, 298215738, 3910686991, 609271223, 1561130469, 2498984312, 968229911]",0.10179581900001722,16.716423209000368,"[0.006903825999870605, 0.007259262999923521, 0.007447257999956491, 0.007537210000009509, 0.0074078289999306435, 0.007088175999797386, 0.006910246999723313]",0.007259262999923521,0.006999211499760349,0.0074275434999435674
halton,30,128,fresh,True,scipy,cpu,2,"[1694089052, 298215738, 3910686991, 609271223, 1561130469, 2498984312, 968229911]",0.09853905999989365,0.02562315800014403,"[0.002098229000239371, 0.0021020640001552238, 0.0020852680004281865, 0.00207049399978132, 0.002076443000078143, 0.0020949199997630785, 0.002091394999752083]",0.002091394999752083,0.002080855500253165,0.002096574500001225
halton,30,512,fresh,True,jax,gpu,0,"[1578528830, 2905870687, 2207754797, 1859750715, 1216321299, 736497106, 1632344591]",0.00023695900017628446,16.704201745999853,"[0.006582704999800626, 0.006911175999903207, 0.006783600999824557, 0.006788324999888573, 0.006819974999871192, 0.006809917999817117, 0.006710118999762926]",0.006788324999888573,0.006746859999793742,0.0068149464998441545
halton,30,512,fresh,True,scipy,cpu,1,"[1578528830, 2905870687, 2207754797, 1859750715, 1216321299, 736497106, 1632344591]",0.09988091300010637,0.039058857999862084,"[0.004097716999694967, 0.004112614999939979, 0.004094586999599414, 0.004087411000000429, 0.00411671399979241, 0.004096737000054418, 0.004074442999808525]",0.004096737000054418,0.004090998999799922,0.004105165999817473
halton,30,512,fresh,True,jax,cpu,2,"[1578528830, 2905870687, 2207754797, 1859750715, 1216321299, 736497106, 1632344591]",0.00024406400007137563,6.710731085000134,"[0.0032449950003865524, 0.0032280199998240278, 0.0032720710000830877, 0.0031342820002464578, 0.003024382000148762, 0.0030541199998879165, 0.003357792999850062]",0.0032280199998240278,0.003094201000067187,0.00325853300023482
halton,30,2048,fresh,True,scipy,cpu,0,"[2378869740, 1948167574, 1729421951, 2778904049, 222079729, 1785004587, 815746474]",0.09866409699998258,0.023324270000102842,"[0.012166791999788984, 0.01222978600026181, 0.012212036999699194, 0.012208717999783403, 0.012156540999967547, 0.01217525599986402, 0.012184612000055495]",0.012184612000055495,0.012171023999826502,0.012210377499741298
halton,30,2048,fresh,True,jax,cpu,1,"[2378869740, 1948167574, 1729421951, 2778904049, 222079729, 1785004587, 815746474]",0.0002591329998722358,6.526490365999962,"[0.004273926000223582, 0.0046922460001042055, 0.004185764999874664, 0.004053929000292555, 0.004235428999891155, 0.004073381000125664, 0.00406684099971244]",0.004185764999874664,0.004070110999919052,0.004254677500057369
halton,30,2048,fresh,True,jax,gpu,2,"[2378869740, 1948167574, 1729421951, 2778904049, 222079729, 1785004587, 815746474]",0.09644572000024709,16.97423714100023,"[0.006566908999957377, 0.006682812999770249, 0.006531859999995504, 0.006440349000058632, 0.006361863000165613, 0.006539359000271361, 0.006462579000071855]",0.006531859999995504,0.0064514640000652435,0.006553134000114369
halton,30,8192,fresh,True,jax,cpu,0,"[2048555415, 3236967990, 2451738074, 4234218273, 2994494206, 3414038481, 3180583106]",0.10119689500015738,6.909007061000011,"[0.008971861999725661, 0.008361133000107657, 0.008593189000293933, 0.008505057000093075, 0.00827789599998141, 0.007900387000063347, 0.008181336999768973]",0.008361133000107657,0.008229616499875192,0.008549123000193504
halton,30,8192,fresh,True,jax,gpu,1,"[2048555415, 3236967990, 2451738074, 4234218273, 2994494206, 3414038481, 3180583106]",0.10253251500034821,17.3047746000002,"[0.006808015999922645, 0.007062161000249034, 0.006893299999774172, 0.00683732700008477, 0.006724310999743466, 0.006657784999788419, 0.006527061000269896]",0.006808015999922645,0.006691047999765942,0.006865313499929471
halton,30,8192,fresh,True,scipy,cpu,2,"[2048555415, 3236967990, 2451738074, 4234218273, 2994494206, 3414038481, 3180583106]",0.10650735999979588,0.08790385500014963,"[0.04395297199971537, 0.04366280199974426, 0.043628405000163184, 0.043784989999949175, 0.04432672500024637, 0.043872146000012435, 0.04396561400017163]",0.043872146000012435,0.04372389599984672,0.0439592929999435
halton,30,32768,fresh,True,jax,gpu,0,"[1526996193, 703188085, 876252708, 809950248, 1912667417, 924260524, 2032050463]",0.00025042600009328453,17.275671859999875,"[0.006843000000117172, 0.006753367000328581, 0.006790820000333042, 0.006798091000291606, 0.006606413000099565, 0.00650146499992843, 0.006591673999992054]",0.006753367000328581,0.006599043500045809,0.006794455500312324
halton,30,32768,fresh,True,scipy,cpu,1,"[1526996193, 703188085, 876252708, 809950248, 1912667417, 924260524, 2032050463]",0.1002184760000091,0.21464186799994422,"[0.16902149799989274, 0.1694330169998466, 0.16928768200023114, 0.1695199529999627, 0.16928130599990254, 0.16874858199980736, 0.1689255520000188]",0.16928130599990254,0.16897352499995577,0.16936034950003886
halton,30,32768,fresh,True,jax,cpu,2,"[1526996193, 703188085, 876252708, 809950248, 1912667417, 924260524, 2032050463]",0.0002463559999341669,6.475330960000065,"[0.026972192999892286, 0.026002126000093995, 0.024644443999932264, 0.023706277999735903, 0.02636365799980922, 0.025599507999686466, 0.027362946999801352]",0.026002126000093995,0.025121975999809365,0.026667925499850753
halton,30,131072,fresh,True,scipy,cpu,0,"[2542897950, 1003079529, 1268790401, 702796833, 2576255813, 1549929059, 4237941226]",0.09593808099998569,0.6850966960000733,"[0.6716692059999332, 0.6728326659999766, 0.6714832889997524, 0.6714673829997082, 0.6716196110000965, 0.6751241229999323, 0.6728197929996895]",0.6716692059999332,0.6715514499999244,0.6728262294998331
halton,30,131072,fresh,True,jax,cpu,1,"[2542897950, 1003079529, 1268790401, 702796833, 2576255813, 1549929059, 4237941226]",0.00024370800019823946,6.740732237999964,"[0.08026756099980048, 0.08307388999992327, 0.08030344400003742, 0.07829480800000965, 0.07995125199977338, 0.0826773159997174, 0.07754970499991032]",0.08026756099980048,0.07912302999989151,0.0814903799998774
halton,30,131072,fresh,True,jax,gpu,2,"[2542897950, 1003079529, 1268790401, 702796833, 2576255813, 1549929059, 4237941226]",0.0963191559999359,16.69298851099984,"[0.006676379000055022, 0.006785590000163211, 0.006780642000194348, 0.006741449999935867, 0.006778703999771096, 0.006737322000390122, 0.0067535530001805455]",0.0067535530001805455,0.006739386000162995,0.006779672999982722
halton,60,128,fresh,True,jax,cpu,0,"[3993933839, 2206735247, 3956819028, 3466077188, 1543769854, 3617851603, 3374909163]",0.10019929400004912,13.644429983000009,"[0.010490788999959477, 0.011453443999926094, 0.009856633999788755, 0.009763795000253594, 0.010231562000171834, 0.009901471999910427, 0.009570698000061384]",0.009901471999910427,0.009810214500021175,0.010361175500065656
halton,60,128,fresh,True,jax,gpu,1,"[3993933839, 2206735247, 3956819028, 3466077188, 1543769854, 3617851603, 3374909163]",0.19356347300026755,36.25636275399984,"[0.010394072000053711, 0.011188483999831078, 0.010984272999849054, 0.010871789999782777, 0.01087551299997358, 0.010837944999821048, 0.010800858000038716]",0.010871789999782777,0.010819401499929882,0.010929892999911317
halton,60,128,fresh,True,scipy,cpu,2,"[3993933839, 2206735247, 3956819028, 3466077188, 1543769854, 3617851603, 3374909163]",0.208976709000126,0.10875098499991509,"[0.0039300020002883684, 0.003890909999881842, 0.0038577880000048026, 0.003860170999814727, 0.0038627359999736655, 0.0038984289999461907, 0.0038696910000908247]",0.0038696910000908247,0.0038614534998941963,0.0038946694999140163
halton,60,512,fresh,True,jax,gpu,0,"[3136238566, 914150895, 1311110817, 2123431348, 2589306395, 3723550779, 1948425695]",0.0002441650003675022,35.57144703999984,"[0.010752506999779143, 0.011715005000041856, 0.011692036000113148, 0.011558955000054993, 0.0115224890000718, 0.011578045000078419, 0.01145852699983152]",0.011558955000054993,0.01149050799995166,0.011635040500095784
halton,60,512,fresh,True,scipy,cpu,1,"[3136238566, 914150895, 1311110817, 2123431348, 2589306395, 3723550779, 1948425695]",0.2335481219997746,0.14355909999994765,"[0.006862957000066672, 0.006892639999932726, 0.006946759000129532, 0.006866751999950793, 0.0068624380000983365, 0.006829146999734803, 0.006801637000080518]",0.006862957000066672,0.00684579249991657,0.0068796959999417595
halton,60,512,fresh,True,jax,cpu,2,"[3136238566, 914150895, 1311110817, 2123431348, 2589306395, 3723550779, 1948425695]",0.00023012800011201762,13.326269828000022,"[0.00999810300027093, 0.011308989000099245, 0.010025319999840576, 0.010411628999918321, 0.011257334000219998, 0.009807959000227129, 0.010466018999977678]",0.010411628999918321,0.010011711500055753,0.010861676500098838
halton,60,2048,fresh,True,scipy,cpu,0,"[2626163981, 1314570214, 3945665844, 2464893001, 1787635828, 2215233790, 2369558365]",0.20733227600021564,0.0439074820001224,"[0.01860219699983645, 0.018677055000352993, 0.018748124000012467, 0.018704109999816865, 0.018814193999787676, 0.018741528000191465, 0.01875756699973863]",0.018741528000191465,0.01869058250008493,0.018752845499875548
halton,60,2048,fresh,True,jax,cpu,1,"[2626163981, 1314570214, 3945665844, 2464893001, 1787635828, 2215233790, 2369558365]",0.0002465949996803829,13.435770275999857,"[0.014135474000340764, 0.012768369000241364, 0.013012048000291543, 0.013486886999999115, 0.013893558000290795, 0.01305248299968298, 0.013450213999931293]",0.013450213999931293,0.013032265499987261,0.013690222500144955
halton,60,2048,fresh,True,jax,gpu,2,"[2626163981, 1314570214, 3945665844, 2464893001, 1787635828, 2215233790, 2369558365]",0.19857707100027255,35.76785725400032,"[0.010066251999887754, 0.010517059999983758, 0.010304128999905515, 0.010012179000113974, 0.01026064600000609, 0.010040532999937568, 0.01003122500014797]",0.010066251999887754,0.010035879000042769,0.010282387499955803
halton,60,8192,fresh,True,jax,cpu,0,"[1103134963, 4201301494, 598062624, 3918545093, 3220530650, 380558475, 2964434086]",0.21743961899983333,13.845678960999976,"[0.02199369599975398, 0.021934893999969063, 0.021703585000068415, 0.021684268999706546, 0.020992687000216392, 0.02316731900009472, 0.021883397000237892]",0.021883397000237892,0.02169392699988748,0.021964294999861522
halton,60,8192,fresh,True,jax,gpu,1,"[1103134963, 4201301494, 598062624, 3918545093, 3220530650, 380558475, 2964434086]",0.21544492299972262,35.62851265299969,"[0.010078722000343987, 0.010331303999919328, 0.010048857999663596, 0.009887117999824113, 0.009724333999656665, 0.009777850999853399, 0.009724358999847027]",0.009887117999824113,0.009751104999850213,0.010063790000003792
halton,60,8192,fresh,True,scipy,cpu,2,"[1103134963, 4201301494, 598062624, 3918545093, 3220530650, 380558475, 2964434086]",0.22291042500000913,0.23647905500001798,"[0.06768771000042761, 0.06737739199979842, 0.067075769999974, 0.06696426100006647, 0.06695681400015019, 0.06757020299983196, 0.0677746449996448]",0.06737739199979842,0.06702001550002024,0.06762895650012979
halton,60,32768,fresh,True,jax,gpu,0,"[3471675545, 3921896590, 3761107291, 2442196678, 1843204621, 1893502328, 66032231]",0.00024775500014584395,35.70382172399968,"[0.010668027000065194, 0.010936660999959713, 0.0111139139999068, 0.011145681000016339, 0.010955066999940755, 0.011006568000084371, 0.010980475999986083]",0.010980475999986083,0.010945863999950234,0.011060240999995585
halton,60,32768,fresh,True,scipy,cpu,1,"[3471675545, 3921896590, 3761107291, 2442196678, 1843204621, 1893502328, 66032231]",0.23536690800028737,0.4281976140000552,"[0.2559577810002338, 0.2561072769999555, 0.25585174600018945, 0.2564718759999778, 0.25690904599969144, 0.2563276770001721, 0.2559970779998366]",0.2561072769999555,0.2559774295000352,0.25639977650007495
halton,60,32768,fresh,True,jax,cpu,2,"[3471675545, 3921896590, 3761107291, 2442196678, 1843204621, 1893502328, 66032231]",0.0002643949997036543,13.37809375200004,"[0.050526490999800444, 0.04597987299985107, 0.04617203199995856, 0.047842735000358516, 0.05313235600033295, 0.046244366999872, 0.054051651999998285]",0.047842735000358516,0.04620819949991528,0.051829423500066696
halton,60,131072,fresh,True,scipy,cpu,0,"[609889282, 4085387259, 3544100436, 1162648014, 2414195521, 58127054, 3836005112]",0.20708818100001736,1.0483631029997014,"[1.023917524999888, 1.0216676910004026, 1.0216862130000663, 1.0230476410001756, 1.0216542340003798, 1.0230895469999268, 1.0220411509999394]",1.0220411509999394,1.0216769520002345,1.0230685940000512
halton,60,131072,fresh,True,jax,cpu,1,"[609889282, 4085387259, 3544100436, 1162648014, 2414195521, 58127054, 3836005112]",0.00024380499962717295,13.784125482000036,"[0.1451155579998158, 0.1469213749996925, 0.1344670359999327, 0.14312417100018138, 0.13728211499983445, 0.16051767299995845, 0.15095305999966513]",0.1451155579998158,0.1402031430000079,0.1489372174996788
halton,60,131072,fresh,True,jax,gpu,2,"[609889282, 4085387259, 3544100436, 1162648014, 2414195521, 58127054, 3836005112]",0.20365868499993667,35.49768349900023,"[0.011425045000123646, 0.011887374999787426, 0.012070692999714083, 0.012028145999920525, 0.011462256999948295, 0.011805917999936355, 0.011696287999711785]",0.011805917999936355,0.01157927249983004,0.011957760499853975
